"id","customer_id","amount","status","created_at"
1,2,136,"pending","2021-01-25 00:00:00"
2,3,285,"paid","2021-01-17 00:00:00"
3,4,257,"paid","2021-01-21 00:00:00"
4,4,316,"paid","2021-01-18 00:00:00"
5,5,312,"paid","2021-01-10 00:00:00"
6,5,247,"pending","2021-01-20 00:00:00"
7,6,346,"pending","2021-01-26 00:00:00"
8,7,324,"not paid","2021-01-30 00:00:00"
9,7,124,"pending","2021-01-19 00:00:00"
10,7,195,"not paid","2021-01-22 00:00:00"
11,8,362,"pending","2021-01-16 00:00:00"
12,8,294,"paid","2021-01-28 00:00:00"
13,8,153,"not paid","2021-01-05 00:00:00"
14,9,202,"paid","2021-01-10 00:00:00"
15,10,167,"not paid","2021-01-10 00:00:00"
16,11,250,"paid","2021-01-03 00:00:00"
17,12,341,"not paid","2021-01-21 00:00:00"
18,12,226,"not paid","2021-01-13 00:00:00"
19,14,165,"paid","2021-01-31 00:00:00"
20,14,204,"not paid","2021-01-14 00:00:00"
21,14,236,"not paid","2021-01-08 00:00:00"
22,15,111,"pending","2021-01-16 00:00:00"
23,16,166,"pending","2021-01-25 00:00:00"
24,16,161,"not paid","2021-01-24 00:00:00"
25,18,236,"pending","2021-01-15 00:00:00"
26,20,238,"paid","2021-01-10 00:00:00"
27,20,352,"paid","2021-01-25 00:00:00"
28,24,209,"not paid","2021-01-15 00:00:00"
29,24,246,"paid","2021-01-15 00:00:00"
30,26,157,"paid","2021-01-28 00:00:00"
31,26,125,"pending","2021-01-30 00:00:00"
32,27,352,"pending","2021-01-19 00:00:00"
33,27,359,"paid","2021-01-24 00:00:00"
34,28,225,"paid","2021-01-05 00:00:00"
35,28,149,"pending","2021-01-21 00:00:00"
36,29,343,"pending","2021-01-24 00:00:00"
37,31,244,"not paid","2021-01-12 00:00:00"
38,31,333,"paid","2021-01-22 00:00:00"
39,31,350,"pending","2021-01-26 00:00:00"
40,32,277,"pending","2021-01-26 00:00:00"
41,32,375,"not paid","2021-01-29 00:00:00"
42,32,277,"pending","2021-01-18 00:00:00"
43,33,162,"pending","2021-01-17 00:00:00"
44,33,213,"paid","2021-01-01 00:00:00"
45,35,272,"not paid","2021-01-04 00:00:00"
46,35,377,"not paid","2021-01-27 00:00:00"
47,36,190,"pending","2021-01-29 00:00:00"
48,37,205,"not paid","2021-01-20 00:00:00"
49,38,132,"pending","2021-01-04 00:00:00"
50,38,360,"paid","2021-01-31 00:00:00"
51,38,235,"not paid","2021-01-06 00:00:00"
52,39,187,"paid","2021-01-20 00:00:00"
53,39,275,"pending","2021-01-27 00:00:00"
54,40,286,"paid","2021-01-16 00:00:00"
55,42,183,"paid","2021-01-18 00:00:00"
56,42,400,"pending","2021-01-08 00:00:00"
57,42,149,"not paid","2021-01-11 00:00:00"
58,44,114,"paid","2021-01-25 00:00:00"
59,44,208,"pending","2021-01-30 00:00:00"
60,44,151,"not paid","2021-01-25 00:00:00"
61,45,256,"paid","2021-01-01 00:00:00"
62,45,348,"paid","2021-01-22 00:00:00"
63,46,224,"paid","2021-01-02 00:00:00"
64,46,296,"paid","2021-01-15 00:00:00"
65,46,296,"not paid","2021-01-30 00:00:00"
66,47,367,"paid","2021-01-16 00:00:00"
67,48,101,"pending","2021-01-31 00:00:00"
68,48,269,"not paid","2021-01-31 00:00:00"
69,49,246,"not paid","2021-01-11 00:00:00"
70,49,154,"not paid","2021-01-21 00:00:00"
71,51,324,"not paid","2021-01-19 00:00:00"
72,52,359,"not paid","2021-01-10 00:00:00"
73,52,139,"not paid","2021-01-28 00:00:00"
74,54,295,"paid","2021-01-15 00:00:00"
75,54,313,"paid","2021-01-19 00:00:00"
76,54,357,"not paid","2021-01-19 00:00:00"
77,55,148,"pending","2021-01-26 00:00:00"
78,55,242,"pending","2021-01-05 00:00:00"
79,56,315,"pending","2021-01-10 00:00:00"
80,57,398,"pending","2021-01-31 00:00:00"
81,58,234,"not paid","2021-01-19 00:00:00"
82,59,145,"pending","2021-01-19 00:00:00"
83,59,247,"pending","2021-01-21 00:00:00"
84,59,255,"not paid","2021-01-09 00:00:00"
85,60,131,"paid","2021-01-17 00:00:00"
86,60,183,"pending","2021-01-01 00:00:00"
87,60,315,"pending","2021-01-11 00:00:00"
88,61,399,"pending","2021-01-30 00:00:00"
89,62,182,"paid","2021-01-27 00:00:00"
90,62,266,"paid","2021-01-19 00:00:00"
91,63,306,"paid","2021-01-04 00:00:00"
92,63,105,"paid","2021-01-04 00:00:00"
93,64,284,"pending","2021-01-13 00:00:00"
94,65,383,"pending","2021-01-11 00:00:00"
95,66,218,"paid","2021-01-01 00:00:00"
96,67,380,"not paid","2021-01-10 00:00:00"
97,68,165,"pending","2021-01-14 00:00:00"
98,68,253,"paid","2021-01-13 00:00:00"
99,68,292,"not paid","2021-01-21 00:00:00"
100,71,299,"pending","2021-01-30 00:00:00"
101,71,221,"not paid","2021-01-29 00:00:00"
102,72,246,"not paid","2021-01-30 00:00:00"
103,73,144,"not paid","2021-01-04 00:00:00"
104,74,363,"not paid","2021-01-31 00:00:00"
105,77,131,"pending","2021-01-01 00:00:00"
106,78,377,"pending","2021-01-21 00:00:00"
107,78,134,"not paid","2021-01-31 00:00:00"
108,78,106,"not paid","2021-01-17 00:00:00"
109,79,308,"not paid","2021-01-07 00:00:00"
110,79,215,"not paid","2021-01-02 00:00:00"
111,79,293,"pending","2021-01-16 00:00:00"
112,81,327,"not paid","2021-01-19 00:00:00"
113,82,210,"paid","2021-01-16 00:00:00"
114,82,372,"pending","2021-01-18 00:00:00"
115,82,345,"pending","2021-01-05 00:00:00"
116,83,328,"pending","2021-01-13 00:00:00"
117,83,287,"not paid","2021-01-27 00:00:00"
118,84,226,"paid","2021-01-10 00:00:00"
119,85,297,"pending","2021-01-24 00:00:00"
120,85,199,"paid","2021-01-11 00:00:00"
121,87,320,"paid","2021-01-28 00:00:00"
122,87,334,"pending","2021-01-14 00:00:00"
123,87,392,"not paid","2021-01-18 00:00:00"
124,88,224,"paid","2021-01-03 00:00:00"
125,88,174,"pending","2021-01-25 00:00:00"
126,89,232,"not paid","2021-01-15 00:00:00"
127,90,229,"not paid","2021-01-10 00:00:00"
128,90,162,"pending","2021-01-26 00:00:00"
129,90,143,"paid","2021-01-02 00:00:00"
130,93,250,"pending","2021-01-06 00:00:00"
131,95,176,"pending","2021-01-31 00:00:00"
132,95,100,"paid","2021-01-07 00:00:00"
133,95,258,"paid","2021-01-29 00:00:00"
134,96,332,"pending","2021-01-13 00:00:00"
135,96,187,"pending","2021-01-17 00:00:00"
136,96,102,"pending","2021-01-29 00:00:00"
137,97,370,"paid","2021-01-17 00:00:00"
138,97,304,"not paid","2021-01-02 00:00:00"
139,98,380,"pending","2021-01-13 00:00:00"
140,99,211,"paid","2021-01-27 00:00:00"
141,99,101,"pending","2021-01-21 00:00:00"
142,101,275,"pending","2021-01-14 00:00:00"
143,101,345,"pending","2021-01-27 00:00:00"
144,101,158,"pending","2021-01-21 00:00:00"
145,102,255,"not paid","2021-01-15 00:00:00"
146,103,197,"not paid","2021-01-01 00:00:00"
147,103,248,"pending","2021-01-26 00:00:00"
148,105,159,"paid","2021-01-08 00:00:00"
149,105,382,"paid","2021-01-10 00:00:00"
150,107,254,"pending","2021-01-09 00:00:00"
151,107,162,"pending","2021-01-20 00:00:00"
152,109,356,"not paid","2021-01-02 00:00:00"
153,110,262,"paid","2021-01-07 00:00:00"
154,110,179,"pending","2021-01-13 00:00:00"
155,110,150,"not paid","2021-01-25 00:00:00"
156,111,125,"pending","2021-01-20 00:00:00"
157,112,303,"pending","2021-01-17 00:00:00"
158,112,389,"not paid","2021-01-25 00:00:00"
159,113,245,"not paid","2021-01-31 00:00:00"
160,114,388,"pending","2021-01-26 00:00:00"
161,115,174,"paid","2021-01-04 00:00:00"
162,115,323,"pending","2021-01-30 00:00:00"
163,116,287,"paid","2021-01-21 00:00:00"
164,116,217,"not paid","2021-01-04 00:00:00"
165,116,218,"not paid","2021-01-07 00:00:00"
166,117,167,"paid","2021-01-02 00:00:00"
167,117,357,"pending","2021-01-26 00:00:00"
168,117,321,"paid","2021-01-05 00:00:00"
169,118,353,"paid","2021-01-01 00:00:00"
170,119,215,"pending","2021-01-12 00:00:00"
171,119,265,"paid","2021-01-10 00:00:00"
172,120,284,"paid","2021-01-16 00:00:00"
173,120,358,"pending","2021-01-08 00:00:00"
174,120,347,"pending","2021-01-14 00:00:00"
175,123,369,"not paid","2021-01-16 00:00:00"
176,123,165,"paid","2021-01-29 00:00:00"
177,124,241,"paid","2021-01-17 00:00:00"
178,124,209,"not paid","2021-01-31 00:00:00"
179,126,169,"pending","2021-01-26 00:00:00"
180,126,329,"paid","2021-01-29 00:00:00"
181,128,197,"paid","2021-01-30 00:00:00"
182,128,200,"not paid","2021-01-22 00:00:00"
183,129,380,"not paid","2021-01-14 00:00:00"
184,130,141,"pending","2021-01-24 00:00:00"
185,130,282,"not paid","2021-01-11 00:00:00"
186,130,146,"pending","2021-01-10 00:00:00"
187,131,114,"not paid","2021-01-24 00:00:00"
188,131,327,"paid","2021-01-12 00:00:00"
189,132,398,"not paid","2021-01-06 00:00:00"
190,133,289,"paid","2021-01-25 00:00:00"
191,133,376,"paid","2021-01-09 00:00:00"
192,134,224,"not paid","2021-01-15 00:00:00"
193,135,164,"paid","2021-01-19 00:00:00"
194,136,254,"pending","2021-01-16 00:00:00"
195,136,332,"not paid","2021-01-11 00:00:00"
196,138,117,"not paid","2021-01-18 00:00:00"
197,138,384,"paid","2021-01-10 00:00:00"
198,138,285,"pending","2021-01-11 00:00:00"
199,140,384,"not paid","2021-01-19 00:00:00"
200,140,348,"not paid","2021-01-30 00:00:00"
201,141,207,"pending","2021-01-25 00:00:00"
202,141,374,"pending","2021-01-25 00:00:00"
203,143,281,"pending","2021-01-26 00:00:00"
204,143,194,"pending","2021-01-13 00:00:00"
205,143,285,"paid","2021-01-03 00:00:00"
206,144,309,"not paid","2021-01-08 00:00:00"
207,144,363,"pending","2021-01-31 00:00:00"
208,147,395,"paid","2021-01-03 00:00:00"
209,147,204,"paid","2021-01-10 00:00:00"
210,147,316,"pending","2021-01-26 00:00:00"
211,148,392,"pending","2021-01-07 00:00:00"
212,148,294,"pending","2021-01-29 00:00:00"
213,149,259,"paid","2021-01-08 00:00:00"
214,150,295,"pending","2021-01-25 00:00:00"
215,151,148,"paid","2021-01-19 00:00:00"
216,151,326,"not paid","2021-01-06 00:00:00"
217,153,292,"paid","2021-01-30 00:00:00"
218,153,265,"paid","2021-01-24 00:00:00"
219,154,226,"not paid","2021-01-04 00:00:00"
220,154,339,"paid","2021-01-11 00:00:00"
221,158,102,"pending","2021-01-31 00:00:00"
222,158,133,"not paid","2021-01-10 00:00:00"
223,159,350,"not paid","2021-01-25 00:00:00"
224,159,297,"not paid","2021-01-13 00:00:00"
225,160,169,"paid","2021-01-21 00:00:00"
226,160,124,"paid","2021-01-20 00:00:00"
227,161,300,"pending","2021-01-25 00:00:00"
228,161,144,"paid","2021-01-12 00:00:00"
229,161,212,"pending","2021-01-29 00:00:00"
230,163,338,"paid","2021-01-13 00:00:00"
231,164,164,"not paid","2021-01-19 00:00:00"
232,164,323,"paid","2021-01-02 00:00:00"
233,164,132,"not paid","2021-01-17 00:00:00"
234,165,132,"paid","2021-01-12 00:00:00"
235,165,310,"not paid","2021-01-05 00:00:00"
236,166,288,"pending","2021-01-24 00:00:00"
237,166,241,"pending","2021-01-31 00:00:00"
238,167,320,"pending","2021-01-17 00:00:00"
239,167,286,"not paid","2021-01-01 00:00:00"
240,169,376,"pending","2021-01-09 00:00:00"
241,170,319,"pending","2021-01-03 00:00:00"
242,170,170,"paid","2021-01-06 00:00:00"
243,171,140,"paid","2021-01-22 00:00:00"
244,171,317,"paid","2021-01-10 00:00:00"
245,171,357,"not paid","2021-01-01 00:00:00"
246,172,369,"paid","2021-01-15 00:00:00"
247,173,115,"pending","2021-01-21 00:00:00"
248,173,335,"not paid","2021-01-10 00:00:00"
249,173,367,"paid","2021-01-31 00:00:00"
250,174,112,"not paid","2021-01-12 00:00:00"
251,174,182,"not paid","2021-01-16 00:00:00"
252,175,392,"paid","2021-01-08 00:00:00"
253,175,116,"pending","2021-01-10 00:00:00"
254,175,369,"not paid","2021-01-16 00:00:00"
255,176,362,"paid","2021-01-03 00:00:00"
256,176,365,"pending","2021-01-26 00:00:00"
257,177,274,"not paid","2021-01-27 00:00:00"
258,177,391,"not paid","2021-01-20 00:00:00"
259,177,170,"pending","2021-01-01 00:00:00"
260,178,241,"not paid","2021-01-28 00:00:00"
261,178,124,"paid","2021-01-28 00:00:00"
262,179,389,"paid","2021-01-31 00:00:00"
263,179,244,"not paid","2021-01-27 00:00:00"
264,180,326,"not paid","2021-01-27 00:00:00"
265,180,377,"paid","2021-01-27 00:00:00"
266,181,239,"pending","2021-01-05 00:00:00"
267,183,311,"not paid","2021-01-05 00:00:00"
268,183,379,"pending","2021-01-05 00:00:00"
269,183,327,"paid","2021-01-18 00:00:00"
270,184,241,"pending","2021-01-29 00:00:00"
271,184,177,"paid","2021-01-28 00:00:00"
272,184,305,"not paid","2021-01-06 00:00:00"
273,185,296,"not paid","2021-01-27 00:00:00"
274,186,175,"not paid","2021-01-07 00:00:00"
275,186,233,"paid","2021-01-30 00:00:00"
276,187,236,"not paid","2021-01-16 00:00:00"
277,187,137,"paid","2021-01-16 00:00:00"
278,187,123,"not paid","2021-01-08 00:00:00"
279,188,290,"not paid","2021-01-20 00:00:00"
280,188,139,"pending","2021-01-02 00:00:00"
281,189,166,"paid","2021-01-17 00:00:00"
282,189,275,"paid","2021-01-27 00:00:00"
283,190,280,"paid","2021-01-21 00:00:00"
284,190,278,"pending","2021-01-02 00:00:00"
285,190,234,"not paid","2021-01-24 00:00:00"
286,193,387,"pending","2021-01-12 00:00:00"
287,194,299,"pending","2021-01-31 00:00:00"
288,194,350,"not paid","2021-01-28 00:00:00"
289,195,362,"not paid","2021-01-15 00:00:00"
290,196,312,"pending","2021-01-02 00:00:00"
291,198,133,"not paid","2021-01-11 00:00:00"
292,198,237,"pending","2021-01-28 00:00:00"
293,198,224,"pending","2021-01-31 00:00:00"
294,200,358,"paid","2021-01-27 00:00:00"
295,200,376,"pending","2021-01-05 00:00:00"
296,200,164,"paid","2021-01-11 00:00:00"
297,201,360,"not paid","2021-01-29 00:00:00"
298,201,114,"not paid","2021-01-28 00:00:00"
299,202,132,"pending","2021-01-05 00:00:00"
300,202,215,"pending","2021-01-15 00:00:00"
301,202,251,"not paid","2021-01-12 00:00:00"
302,203,190,"pending","2021-01-05 00:00:00"
303,203,347,"not paid","2021-01-08 00:00:00"
304,204,196,"pending","2021-01-26 00:00:00"
305,205,294,"pending","2021-01-26 00:00:00"
306,205,214,"pending","2021-01-19 00:00:00"
307,207,394,"paid","2021-01-31 00:00:00"
308,208,369,"not paid","2021-01-05 00:00:00"
309,208,145,"pending","2021-01-13 00:00:00"
310,209,277,"paid","2021-01-18 00:00:00"
311,210,207,"paid","2021-01-17 00:00:00"
312,210,164,"pending","2021-01-16 00:00:00"
313,211,173,"not paid","2021-01-14 00:00:00"
314,212,236,"not paid","2021-01-25 00:00:00"
315,213,123,"pending","2021-01-03 00:00:00"
316,213,283,"not paid","2021-01-07 00:00:00"
317,214,103,"pending","2021-01-26 00:00:00"
318,214,131,"paid","2021-01-14 00:00:00"
319,215,378,"not paid","2021-01-11 00:00:00"
320,216,378,"not paid","2021-01-09 00:00:00"
321,216,221,"pending","2021-01-09 00:00:00"
322,216,307,"paid","2021-01-27 00:00:00"
323,219,348,"not paid","2021-01-17 00:00:00"
324,219,256,"not paid","2021-01-05 00:00:00"
325,219,372,"pending","2021-01-15 00:00:00"
326,220,134,"paid","2021-01-28 00:00:00"
327,221,263,"paid","2021-01-09 00:00:00"
328,221,243,"paid","2021-01-11 00:00:00"
329,222,168,"not paid","2021-01-22 00:00:00"
330,222,365,"pending","2021-01-04 00:00:00"
331,223,263,"pending","2021-01-26 00:00:00"
332,223,257,"not paid","2021-01-10 00:00:00"
333,224,363,"paid","2021-01-14 00:00:00"
334,224,264,"not paid","2021-01-31 00:00:00"
335,225,365,"not paid","2021-01-31 00:00:00"
336,225,240,"pending","2021-01-04 00:00:00"
337,226,188,"not paid","2021-01-28 00:00:00"
338,227,165,"pending","2021-01-16 00:00:00"
339,229,162,"pending","2021-01-07 00:00:00"
340,229,130,"pending","2021-01-16 00:00:00"
341,230,144,"paid","2021-01-31 00:00:00"
342,231,347,"not paid","2021-01-03 00:00:00"
343,231,252,"paid","2021-01-22 00:00:00"
344,231,292,"paid","2021-01-10 00:00:00"
345,232,224,"pending","2021-01-26 00:00:00"
346,233,281,"pending","2021-01-06 00:00:00"
347,233,358,"pending","2021-01-07 00:00:00"
348,234,139,"paid","2021-01-04 00:00:00"
349,234,297,"not paid","2021-01-27 00:00:00"
350,235,211,"pending","2021-01-26 00:00:00"
351,235,137,"pending","2021-01-17 00:00:00"
352,236,241,"not paid","2021-01-01 00:00:00"
353,236,199,"pending","2021-01-21 00:00:00"
354,236,363,"not paid","2021-01-21 00:00:00"
355,237,261,"not paid","2021-01-16 00:00:00"
356,238,143,"paid","2021-01-12 00:00:00"
357,238,236,"not paid","2021-01-02 00:00:00"
358,238,197,"not paid","2021-01-08 00:00:00"
359,239,243,"not paid","2021-01-03 00:00:00"
360,239,239,"pending","2021-01-26 00:00:00"
361,239,340,"paid","2021-01-18 00:00:00"
362,244,299,"paid","2021-01-25 00:00:00"
363,245,226,"not paid","2021-01-13 00:00:00"
364,245,108,"not paid","2021-01-15 00:00:00"
365,248,125,"not paid","2021-01-25 00:00:00"
366,250,199,"not paid","2021-01-20 00:00:00"
367,250,279,"pending","2021-01-09 00:00:00"
368,250,210,"not paid","2021-01-01 00:00:00"
369,252,152,"not paid","2021-01-27 00:00:00"
370,252,245,"paid","2021-01-14 00:00:00"
371,252,289,"pending","2021-01-25 00:00:00"
372,254,102,"pending","2021-01-04 00:00:00"
373,254,196,"paid","2021-01-27 00:00:00"
374,254,219,"paid","2021-01-04 00:00:00"
375,255,290,"pending","2021-01-15 00:00:00"
376,255,222,"pending","2021-01-26 00:00:00"
377,259,214,"pending","2021-01-24 00:00:00"
378,259,226,"pending","2021-01-10 00:00:00"
379,259,332,"pending","2021-01-04 00:00:00"
380,260,313,"not paid","2021-01-25 00:00:00"
381,260,235,"pending","2021-01-11 00:00:00"
382,260,234,"not paid","2021-01-13 00:00:00"
383,262,380,"pending","2021-01-16 00:00:00"
384,262,252,"pending","2021-01-14 00:00:00"
385,263,254,"not paid","2021-01-22 00:00:00"
386,264,276,"paid","2021-01-31 00:00:00"
387,266,375,"paid","2021-01-28 00:00:00"
388,266,146,"pending","2021-01-04 00:00:00"
389,266,150,"paid","2021-01-20 00:00:00"
390,267,178,"not paid","2021-01-19 00:00:00"
391,267,134,"not paid","2021-01-29 00:00:00"
392,268,233,"not paid","2021-01-22 00:00:00"
393,268,215,"pending","2021-01-16 00:00:00"
394,269,280,"not paid","2021-01-29 00:00:00"
395,269,322,"not paid","2021-01-09 00:00:00"
396,269,142,"not paid","2021-01-02 00:00:00"
397,274,104,"not paid","2021-01-28 00:00:00"
398,274,378,"paid","2021-01-15 00:00:00"
399,275,136,"paid","2021-01-30 00:00:00"
400,275,390,"not paid","2021-01-06 00:00:00"
401,275,202,"pending","2021-01-08 00:00:00"
402,277,381,"paid","2021-01-31 00:00:00"
403,277,308,"pending","2021-01-27 00:00:00"
404,278,220,"pending","2021-01-24 00:00:00"
405,278,233,"not paid","2021-01-27 00:00:00"
406,279,243,"not paid","2021-01-16 00:00:00"
407,280,252,"not paid","2021-01-17 00:00:00"
408,280,132,"not paid","2021-01-22 00:00:00"
409,281,166,"paid","2021-01-17 00:00:00"
410,282,354,"pending","2021-01-06 00:00:00"
411,282,261,"not paid","2021-01-14 00:00:00"
412,284,240,"paid","2021-01-25 00:00:00"
413,284,328,"not paid","2021-01-17 00:00:00"
414,285,214,"pending","2021-01-12 00:00:00"
415,285,377,"pending","2021-01-06 00:00:00"
416,285,261,"paid","2021-01-25 00:00:00"
417,286,270,"pending","2021-01-20 00:00:00"
418,286,137,"not paid","2021-01-07 00:00:00"
419,287,358,"not paid","2021-01-07 00:00:00"
420,287,304,"pending","2021-01-11 00:00:00"
421,287,159,"not paid","2021-01-07 00:00:00"
422,289,300,"not paid","2021-01-18 00:00:00"
423,289,137,"paid","2021-01-30 00:00:00"
424,289,122,"paid","2021-01-28 00:00:00"
425,292,182,"paid","2021-01-20 00:00:00"
426,292,383,"pending","2021-01-06 00:00:00"
427,292,291,"pending","2021-01-08 00:00:00"
428,293,187,"not paid","2021-01-03 00:00:00"
429,293,261,"pending","2021-01-29 00:00:00"
430,293,249,"pending","2021-01-10 00:00:00"
431,294,256,"not paid","2021-01-21 00:00:00"
432,294,357,"paid","2021-01-11 00:00:00"
433,295,141,"not paid","2021-01-16 00:00:00"
434,298,298,"paid","2021-01-25 00:00:00"
435,299,309,"paid","2021-01-22 00:00:00"
436,300,344,"not paid","2021-01-08 00:00:00"
437,300,228,"pending","2021-01-19 00:00:00"
438,301,327,"pending","2021-01-31 00:00:00"
439,302,367,"paid","2021-01-24 00:00:00"
440,302,280,"not paid","2021-01-15 00:00:00"
441,303,105,"paid","2021-01-07 00:00:00"
442,303,264,"pending","2021-01-04 00:00:00"
443,303,301,"not paid","2021-01-17 00:00:00"
444,304,371,"not paid","2021-01-24 00:00:00"
445,305,176,"paid","2021-01-29 00:00:00"
446,305,298,"not paid","2021-01-24 00:00:00"
447,305,254,"pending","2021-01-30 00:00:00"
448,306,326,"not paid","2021-01-08 00:00:00"
449,306,233,"not paid","2021-01-02 00:00:00"
450,307,297,"pending","2021-01-09 00:00:00"
451,307,109,"pending","2021-01-13 00:00:00"
452,307,154,"not paid","2021-01-05 00:00:00"
453,309,243,"paid","2021-01-14 00:00:00"
454,311,220,"not paid","2021-01-20 00:00:00"
455,311,172,"not paid","2021-01-08 00:00:00"
456,312,219,"paid","2021-01-11 00:00:00"
457,312,398,"pending","2021-01-30 00:00:00"
458,312,151,"not paid","2021-01-05 00:00:00"
459,313,265,"not paid","2021-01-02 00:00:00"
460,314,393,"not paid","2021-01-28 00:00:00"
461,314,394,"pending","2021-01-15 00:00:00"
462,314,340,"pending","2021-01-11 00:00:00"
463,315,295,"pending","2021-01-26 00:00:00"
464,316,159,"pending","2021-01-20 00:00:00"
465,316,243,"paid","2021-01-14 00:00:00"
466,318,124,"paid","2021-01-29 00:00:00"
467,319,344,"paid","2021-01-05 00:00:00"
468,319,156,"not paid","2021-01-16 00:00:00"
469,320,116,"not paid","2021-01-31 00:00:00"
470,321,148,"pending","2021-01-24 00:00:00"
471,322,173,"not paid","2021-01-31 00:00:00"
472,322,312,"paid","2021-01-06 00:00:00"
473,324,220,"not paid","2021-01-11 00:00:00"
474,324,104,"not paid","2021-01-05 00:00:00"
475,324,347,"not paid","2021-01-03 00:00:00"
476,325,107,"paid","2021-01-29 00:00:00"
477,326,104,"not paid","2021-01-28 00:00:00"
478,326,366,"pending","2021-01-10 00:00:00"
479,328,304,"pending","2021-01-05 00:00:00"
480,328,366,"paid","2021-01-30 00:00:00"
481,328,341,"pending","2021-01-08 00:00:00"
482,330,355,"paid","2021-01-05 00:00:00"
483,331,393,"not paid","2021-01-01 00:00:00"
484,332,240,"paid","2021-01-01 00:00:00"
485,333,387,"paid","2021-01-16 00:00:00"
486,334,383,"pending","2021-01-04 00:00:00"
487,335,328,"not paid","2021-01-28 00:00:00"
488,336,105,"not paid","2021-01-05 00:00:00"
489,337,284,"not paid","2021-01-16 00:00:00"
490,338,387,"not paid","2021-01-20 00:00:00"
491,338,371,"paid","2021-01-14 00:00:00"
492,338,216,"not paid","2021-01-22 00:00:00"
493,339,194,"not paid","2021-01-21 00:00:00"
494,339,140,"paid","2021-01-25 00:00:00"
495,340,355,"paid","2021-01-08 00:00:00"
496,340,327,"paid","2021-01-20 00:00:00"
497,341,326,"paid","2021-01-03 00:00:00"
498,342,230,"not paid","2021-01-07 00:00:00"
499,342,157,"not paid","2021-01-25 00:00:00"
500,342,122,"pending","2021-01-04 00:00:00"
501,343,372,"not paid","2021-01-04 00:00:00"
502,344,268,"paid","2021-01-12 00:00:00"
503,345,379,"paid","2021-01-25 00:00:00"
504,346,279,"paid","2021-01-13 00:00:00"
505,346,292,"pending","2021-01-26 00:00:00"
506,348,384,"paid","2021-01-09 00:00:00"
507,348,213,"not paid","2021-01-07 00:00:00"
508,348,232,"paid","2021-01-04 00:00:00"
509,349,357,"paid","2021-01-07 00:00:00"
510,349,100,"pending","2021-01-28 00:00:00"
511,350,132,"not paid","2021-01-12 00:00:00"
512,350,365,"not paid","2021-01-16 00:00:00"
513,351,257,"paid","2021-01-12 00:00:00"
514,352,287,"paid","2021-01-28 00:00:00"
515,352,197,"pending","2021-01-13 00:00:00"
516,352,188,"paid","2021-01-21 00:00:00"
517,354,288,"pending","2021-01-08 00:00:00"
518,354,199,"pending","2021-01-09 00:00:00"
519,354,256,"pending","2021-01-03 00:00:00"
520,355,208,"pending","2021-01-26 00:00:00"
521,355,368,"not paid","2021-01-14 00:00:00"
522,355,113,"not paid","2021-01-27 00:00:00"
523,356,296,"pending","2021-01-30 00:00:00"
524,356,318,"pending","2021-01-28 00:00:00"
525,357,148,"pending","2021-01-26 00:00:00"
526,357,108,"pending","2021-01-28 00:00:00"
527,357,213,"paid","2021-01-13 00:00:00"
528,358,282,"paid","2021-01-31 00:00:00"
529,358,277,"paid","2021-01-31 00:00:00"
530,359,301,"not paid","2021-01-14 00:00:00"
531,359,210,"paid","2021-01-30 00:00:00"
532,361,182,"not paid","2021-01-09 00:00:00"
533,361,200,"pending","2021-01-09 00:00:00"
534,361,123,"not paid","2021-01-29 00:00:00"
535,362,101,"pending","2021-01-19 00:00:00"
536,362,217,"pending","2021-01-15 00:00:00"
537,362,118,"paid","2021-01-19 00:00:00"
538,363,185,"pending","2021-01-20 00:00:00"
539,363,303,"not paid","2021-01-06 00:00:00"
540,364,297,"not paid","2021-01-07 00:00:00"
541,364,198,"pending","2021-01-20 00:00:00"
542,364,257,"pending","2021-01-14 00:00:00"
543,366,342,"pending","2021-01-27 00:00:00"
544,367,253,"paid","2021-01-24 00:00:00"
545,368,201,"paid","2021-01-07 00:00:00"
546,368,262,"not paid","2021-01-04 00:00:00"
547,369,157,"paid","2021-01-04 00:00:00"
548,369,104,"paid","2021-01-28 00:00:00"
549,369,190,"pending","2021-01-31 00:00:00"
550,371,231,"pending","2021-01-05 00:00:00"
551,372,262,"pending","2021-01-05 00:00:00"
552,372,144,"paid","2021-01-18 00:00:00"
553,372,108,"pending","2021-01-04 00:00:00"
554,373,221,"paid","2021-01-07 00:00:00"
555,373,146,"pending","2021-01-04 00:00:00"
556,373,171,"paid","2021-01-06 00:00:00"
557,374,160,"paid","2021-01-29 00:00:00"
558,375,255,"paid","2021-01-12 00:00:00"
559,375,292,"paid","2021-01-25 00:00:00"
560,376,121,"not paid","2021-01-07 00:00:00"
561,378,245,"pending","2021-01-02 00:00:00"
562,378,160,"not paid","2021-01-05 00:00:00"
563,380,247,"pending","2021-01-06 00:00:00"
564,381,371,"not paid","2021-01-21 00:00:00"
565,381,398,"not paid","2021-01-24 00:00:00"
566,382,305,"pending","2021-01-28 00:00:00"
567,382,134,"paid","2021-01-01 00:00:00"
568,382,235,"not paid","2021-01-18 00:00:00"
569,383,155,"pending","2021-01-27 00:00:00"
570,383,168,"paid","2021-01-20 00:00:00"
571,384,222,"not paid","2021-01-31 00:00:00"
572,384,287,"not paid","2021-01-18 00:00:00"
573,385,104,"paid","2021-01-30 00:00:00"
574,385,292,"paid","2021-01-05 00:00:00"
575,385,370,"paid","2021-01-31 00:00:00"
576,386,212,"pending","2021-01-10 00:00:00"
577,386,202,"not paid","2021-01-12 00:00:00"
578,387,194,"not paid","2021-01-09 00:00:00"
579,387,124,"paid","2021-01-14 00:00:00"
580,388,320,"paid","2021-01-11 00:00:00"
581,388,335,"not paid","2021-01-29 00:00:00"
582,389,236,"not paid","2021-01-18 00:00:00"
583,389,115,"not paid","2021-01-25 00:00:00"
584,390,143,"paid","2021-01-09 00:00:00"
585,391,296,"not paid","2021-01-25 00:00:00"
586,391,338,"pending","2021-01-26 00:00:00"
587,393,183,"pending","2021-01-05 00:00:00"
588,393,251,"pending","2021-01-12 00:00:00"
589,394,237,"pending","2021-01-25 00:00:00"
590,394,303,"paid","2021-01-07 00:00:00"
591,394,399,"pending","2021-01-05 00:00:00"
592,395,143,"not paid","2021-01-21 00:00:00"
593,395,330,"not paid","2021-01-06 00:00:00"
594,395,260,"paid","2021-01-04 00:00:00"
595,397,317,"pending","2021-01-26 00:00:00"
596,398,208,"paid","2021-01-18 00:00:00"
597,399,190,"not paid","2021-01-29 00:00:00"
598,399,275,"not paid","2021-01-07 00:00:00"
599,400,149,"pending","2021-01-05 00:00:00"
600,400,161,"not paid","2021-01-14 00:00:00"
601,401,251,"pending","2021-01-07 00:00:00"
602,403,357,"pending","2021-01-26 00:00:00"
603,405,358,"pending","2021-01-27 00:00:00"
604,406,238,"pending","2021-01-29 00:00:00"
605,406,134,"paid","2021-01-18 00:00:00"
606,407,281,"pending","2021-01-13 00:00:00"
607,409,393,"paid","2021-01-12 00:00:00"
608,409,105,"not paid","2021-01-19 00:00:00"
609,409,142,"not paid","2021-01-03 00:00:00"
610,410,296,"not paid","2021-01-14 00:00:00"
611,410,370,"pending","2021-01-12 00:00:00"
612,410,370,"paid","2021-01-04 00:00:00"
613,411,144,"pending","2021-01-26 00:00:00"
614,411,362,"not paid","2021-01-31 00:00:00"
615,411,395,"not paid","2021-01-10 00:00:00"
616,412,351,"not paid","2021-01-13 00:00:00"
617,413,400,"paid","2021-01-06 00:00:00"
618,414,117,"pending","2021-01-01 00:00:00"
619,414,259,"paid","2021-01-28 00:00:00"
620,415,144,"pending","2021-01-10 00:00:00"
621,416,267,"not paid","2021-01-11 00:00:00"
622,418,158,"pending","2021-01-13 00:00:00"
623,418,130,"pending","2021-01-05 00:00:00"
624,418,204,"pending","2021-01-15 00:00:00"
625,419,326,"not paid","2021-01-21 00:00:00"
626,419,171,"pending","2021-01-18 00:00:00"
627,420,384,"paid","2021-01-15 00:00:00"
628,420,164,"pending","2021-01-08 00:00:00"
629,423,193,"pending","2021-01-20 00:00:00"
630,424,336,"pending","2021-01-11 00:00:00"
631,424,132,"not paid","2021-01-10 00:00:00"
632,425,337,"not paid","2021-01-11 00:00:00"
633,426,115,"pending","2021-01-20 00:00:00"
634,428,179,"pending","2021-01-19 00:00:00"
635,430,288,"pending","2021-01-24 00:00:00"
636,431,182,"not paid","2021-01-01 00:00:00"
637,431,395,"pending","2021-01-04 00:00:00"
638,432,365,"paid","2021-01-12 00:00:00"
639,432,278,"not paid","2021-01-30 00:00:00"
640,433,319,"pending","2021-01-26 00:00:00"
641,434,294,"not paid","2021-01-12 00:00:00"
642,434,136,"paid","2021-01-19 00:00:00"
643,434,204,"paid","2021-01-27 00:00:00"
644,437,220,"paid","2021-01-30 00:00:00"
645,437,346,"pending","2021-01-15 00:00:00"
646,438,247,"pending","2021-01-15 00:00:00"
647,438,135,"paid","2021-01-02 00:00:00"
648,438,226,"paid","2021-01-06 00:00:00"
649,439,243,"paid","2021-01-15 00:00:00"
650,439,160,"pending","2021-01-16 00:00:00"
651,440,258,"not paid","2021-01-03 00:00:00"
652,440,260,"pending","2021-01-11 00:00:00"
653,441,284,"paid","2021-01-28 00:00:00"
654,442,249,"pending","2021-01-21 00:00:00"
655,443,337,"pending","2021-01-28 00:00:00"
656,443,256,"pending","2021-01-26 00:00:00"
657,443,104,"pending","2021-01-02 00:00:00"
658,444,251,"not paid","2021-01-08 00:00:00"
659,444,205,"paid","2021-01-06 00:00:00"
660,444,358,"pending","2021-01-04 00:00:00"
661,445,111,"pending","2021-01-26 00:00:00"
662,446,183,"pending","2021-01-02 00:00:00"
663,447,201,"paid","2021-01-18 00:00:00"
664,447,366,"not paid","2021-01-14 00:00:00"
665,447,134,"pending","2021-01-26 00:00:00"
666,448,175,"pending","2021-01-03 00:00:00"
667,449,186,"pending","2021-01-04 00:00:00"
668,450,327,"pending","2021-01-07 00:00:00"
669,450,282,"pending","2021-01-04 00:00:00"
670,452,283,"paid","2021-01-16 00:00:00"
671,453,399,"paid","2021-01-19 00:00:00"
672,453,212,"not paid","2021-01-03 00:00:00"
673,453,248,"not paid","2021-01-31 00:00:00"
674,454,342,"pending","2021-01-28 00:00:00"
675,454,390,"paid","2021-01-28 00:00:00"
676,455,317,"pending","2021-01-19 00:00:00"
677,456,226,"paid","2021-01-05 00:00:00"
678,456,144,"pending","2021-01-06 00:00:00"
679,456,119,"paid","2021-01-28 00:00:00"
680,457,245,"not paid","2021-01-16 00:00:00"
681,458,338,"paid","2021-01-15 00:00:00"
682,458,313,"pending","2021-01-22 00:00:00"
683,459,129,"pending","2021-01-26 00:00:00"
684,459,227,"not paid","2021-01-22 00:00:00"
685,460,284,"paid","2021-01-16 00:00:00"
686,461,357,"not paid","2021-01-07 00:00:00"
687,462,222,"paid","2021-01-02 00:00:00"
688,462,107,"pending","2021-01-26 00:00:00"
689,463,325,"not paid","2021-01-03 00:00:00"
690,463,227,"paid","2021-01-22 00:00:00"
691,463,237,"not paid","2021-01-07 00:00:00"
692,464,250,"pending","2021-01-01 00:00:00"
693,464,278,"paid","2021-01-09 00:00:00"
694,464,256,"not paid","2021-01-09 00:00:00"
695,465,131,"pending","2021-01-11 00:00:00"
696,467,323,"paid","2021-01-31 00:00:00"
697,467,311,"pending","2021-01-08 00:00:00"
698,470,253,"not paid","2021-01-25 00:00:00"
699,470,344,"paid","2021-01-22 00:00:00"
700,470,333,"pending","2021-01-28 00:00:00"
701,471,115,"paid","2021-01-02 00:00:00"
702,473,189,"paid","2021-01-30 00:00:00"
703,473,112,"paid","2021-01-08 00:00:00"
704,474,176,"not paid","2021-01-06 00:00:00"
705,474,119,"not paid","2021-01-07 00:00:00"
706,475,220,"paid","2021-01-25 00:00:00"
707,475,393,"not paid","2021-01-14 00:00:00"
708,476,205,"paid","2021-01-15 00:00:00"
709,477,184,"paid","2021-01-15 00:00:00"
710,477,310,"paid","2021-01-02 00:00:00"
711,477,164,"paid","2021-01-14 00:00:00"
712,479,179,"pending","2021-01-30 00:00:00"
713,479,115,"paid","2021-01-28 00:00:00"
714,479,120,"not paid","2021-01-20 00:00:00"
715,480,364,"paid","2021-01-01 00:00:00"
716,480,356,"not paid","2021-01-24 00:00:00"
717,481,386,"not paid","2021-01-10 00:00:00"
718,483,362,"not paid","2021-01-22 00:00:00"
719,483,327,"not paid","2021-01-17 00:00:00"
720,484,128,"pending","2021-01-20 00:00:00"
721,485,280,"paid","2021-01-19 00:00:00"
722,485,121,"pending","2021-01-06 00:00:00"
723,485,102,"paid","2021-01-08 00:00:00"
724,486,107,"paid","2021-01-18 00:00:00"
725,487,279,"paid","2021-01-25 00:00:00"
726,488,150,"not paid","2021-01-29 00:00:00"
727,488,321,"pending","2021-01-24 00:00:00"
728,490,103,"pending","2021-01-01 00:00:00"
729,491,134,"not paid","2021-01-18 00:00:00"
730,491,308,"paid","2021-01-16 00:00:00"
731,491,120,"paid","2021-01-06 00:00:00"
732,492,271,"pending","2021-01-31 00:00:00"
733,493,179,"pending","2021-01-13 00:00:00"
734,494,245,"not paid","2021-01-24 00:00:00"
735,494,283,"not paid","2021-01-05 00:00:00"
736,495,235,"pending","2021-01-25 00:00:00"
737,495,175,"pending","2021-01-05 00:00:00"
738,496,357,"pending","2021-01-06 00:00:00"
739,496,268,"paid","2021-01-10 00:00:00"
740,498,124,"pending","2021-01-14 00:00:00"
741,498,177,"paid","2021-01-09 00:00:00"
742,498,246,"not paid","2021-01-17 00:00:00"
743,499,352,"paid","2021-01-30 00:00:00"
744,499,156,"not paid","2021-01-10 00:00:00"
745,499,182,"pending","2021-01-04 00:00:00"
746,500,281,"paid","2021-01-19 00:00:00"
747,501,394,"not paid","2021-01-20 00:00:00"
748,501,293,"pending","2021-01-15 00:00:00"
749,501,199,"not paid","2021-01-08 00:00:00"
750,502,388,"pending","2021-01-04 00:00:00"
751,504,100,"not paid","2021-01-10 00:00:00"
752,505,379,"pending","2021-01-06 00:00:00"
753,505,120,"not paid","2021-01-14 00:00:00"
754,506,227,"pending","2021-01-18 00:00:00"
755,506,239,"pending","2021-01-26 00:00:00"
756,506,257,"not paid","2021-01-16 00:00:00"
757,507,348,"pending","2021-01-25 00:00:00"
758,507,331,"pending","2021-01-06 00:00:00"
759,507,230,"not paid","2021-01-24 00:00:00"
760,508,279,"paid","2021-01-05 00:00:00"
761,508,238,"not paid","2021-01-08 00:00:00"
762,509,256,"paid","2021-01-15 00:00:00"
763,509,371,"pending","2021-01-15 00:00:00"
764,511,337,"paid","2021-01-30 00:00:00"
765,511,180,"paid","2021-01-16 00:00:00"
766,514,232,"pending","2021-01-05 00:00:00"
767,515,345,"pending","2021-01-05 00:00:00"
768,515,274,"pending","2021-01-26 00:00:00"
769,515,161,"not paid","2021-01-05 00:00:00"
770,516,365,"not paid","2021-01-29 00:00:00"
771,516,105,"pending","2021-01-17 00:00:00"
772,517,353,"pending","2021-01-11 00:00:00"
773,517,245,"paid","2021-01-05 00:00:00"
774,517,378,"paid","2021-01-31 00:00:00"
775,518,113,"pending","2021-01-19 00:00:00"
776,518,257,"pending","2021-01-25 00:00:00"
777,519,144,"pending","2021-01-29 00:00:00"
778,519,147,"not paid","2021-01-03 00:00:00"
779,"",344,"not paid","2021-01-10 00:00:00"
