[{"model": "`gifted-concept-337808`.`toy_shop_master`.`companies`", "time_filter": null, "metrics": "{}", "columns": "[\"brand_name\", \"show\", \"year\"]", "anomaly_detector": "{\"name\": \"modified_z_score\", \"threshold\": 3}", "owners": "{}"}, {"model": "`gifted-concept-337808`.`toy_shop_master_sources`.`toy_shop_customers`", "time_filter": "joined_at", "metrics": "{}", "columns": "[\"first_name\", \"last_name\", \"age\"]", "anomaly_detector": "{\"name\": \"modified_z_score\", \"threshold\": 3}", "owners": "{}"}, {"model": "`gifted-concept-337808`.`toy_shop_master`.`revenue_per_age`", "time_filter": "created_at", "metrics": "{}", "columns": "[\"sum\", \"age\"]", "anomaly_detector": "{\"name\": \"modified_z_score\", \"threshold\": 3}", "owners": "{}"}, {"model": "`gifted-concept-337808`.`toy_shop_master`.`orders_per_age`", "time_filter": "created_at", "metrics": "{\"table\": [\"orders_above_100\"]}", "columns": "[\"amount\", \"status\", \"age\"]", "anomaly_detector": "{\"name\": \"z_score\", \"threshold\": 2.0}", "owners": "{\"U02RD3S3WP8\": {\"notify_channel\": \"slack\", \"owner\": \"frontend\", \"name\": \"emma\"}, \"U02FHBSTW0H\": {\"notify_channel\": \"slack\", \"owner\": \"frontend\", \"name\": \"deji\"}, \"deji@getre.io\": {\"notify_channel\": \"email\", \"owner\": \"frontend\", \"name\": \"deji\"}}"}, {"model": "`gifted-concept-337808`.`toy_shop_master`.`pending_orders`", "time_filter": "created_at", "metrics": "{\"table\": [\"orders_above_100\"]}", "columns": "[\"amount\", \"status\"]", "anomaly_detector": "{\"name\": \"z_score\", \"threshold\": 3.0}", "owners": "{\"U02FHBSTW0H\": {\"notify_channel\": \"slack\", \"owner\": \"deji\", \"name\": \"deji\"}}"}, {"model": "`gifted-concept-337808`.`toy_shop_master`.`orders`", "time_filter": "created_at", "metrics": "{\"table\": [\"orders_above_100\"], \"column\": {\"status\": [\"distinct_values\"]}}", "columns": "[\"amount\", \"status\"]", "anomaly_detector": "{\"name\": \"boxplot\", \"whisker_boundary_multiplier\": 2.0}", "owners": "{\"mateusz@getre.io\": {\"notify_channel\": \"email\", \"owner\": \"backend\", \"name\": \"mateusz\"}, \"deji@getre.io\": {\"notify_channel\": \"email\", \"owner\": \"backend\", \"name\": \"deji\"}, \"U01F80NJW23\": {\"notify_channel\": \"slack\", \"owner\": \"backend\", \"name\": \"mateusz\"}, \"U02FHBSTW0H\": {\"notify_channel\": \"slack\", \"owner\": \"backend\", \"name\": \"deji\"}}"}]