[{"table_name": "gifted-concept-337808.toy_shop_master.pending_orders", "sample_data": "[{\"id\":\"418\",\"customer_id\":\"87\",\"status\":\"pending\",\"amount\":\"60\",\"created_at\":\"2021-01-11 00:53:31\"},{\"id\":\"3693\",\"customer_id\":\"2\",\"status\":\"pending\",\"amount\":\"95\",\"created_at\":\"2021-01-11 00:53:24\"},{\"id\":\"3338\",\"customer_id\":\"84\",\"status\":\"pending\",\"amount\":\"157\",\"created_at\":\"2021-01-11 00:52:33\"},{\"id\":\"4556\",\"customer_id\":\"64\",\"status\":\"pending\",\"amount\":\"177\",\"created_at\":\"2021-01-11 00:48:14\"},{\"id\":\"2095\",\"customer_id\":\"51\",\"status\":\"pending\",\"amount\":\"65\",\"created_at\":\"2021-01-11 00:40:00\"},{\"id\":\"2478\",\"customer_id\":\"1\",\"status\":\"pending\",\"amount\":\"105\",\"created_at\":\"2021-01-11 00:35:17\"},{\"id\":\"1201\",\"customer_id\":\"25\",\"status\":\"pending\",\"amount\":\"57\",\"created_at\":\"2021-01-11 00:33:11\"},{\"id\":\"99\",\"customer_id\":\"20\",\"status\":\"pending\",\"amount\":\"187\",\"created_at\":\"2021-01-11 00:31:12\"},{\"id\":\"1578\",\"customer_id\":\"12\",\"status\":\"pending\",\"amount\":\"129\",\"created_at\":\"2021-01-11 00:27:25\"},{\"id\":\"644\",\"customer_id\":\"82\",\"status\":\"pending\",\"amount\":\"170\",\"created_at\":\"2021-01-11 00:26:11\"}]", "sampled_on": "2022-06-08T18:46:21.062903+00:00"}, {"table_name": "gifted-concept-337808.toy_shop_master.companies", "sample_data": "[{\"id\":\"1\",\"name\":\"Company 1\",\"address\":\"Address 1\",\"created_at\":\"2021-01-07 14:17:39\"},{\"id\":\"2\",\"name\":\"Company 2\",\"address\":\"Address 2\",\"created_at\":\"2021-01-10 05:38:42\"},{\"id\":\"3\",\"name\":\"Company 3\",\"address\":\"Address 3\",\"created_at\":\"2021-01-05 20:20:25\"},{\"id\":\"4\",\"name\":\"Company 4\",\"address\":\"Address 4\",\"created_at\":\"2021-01-07 08:12:20\"},{\"id\":\"5\",\"name\":\"Company 5\",\"address\":\"Address 5\",\"created_at\":\"2021-01-05 11:02:31\"},{\"id\":\"6\",\"name\":\"Company 6\",\"address\":\"Address 6\",\"created_at\":\"2021-01-02 17:56:28\"},{\"id\":\"7\",\"name\":\"Company 7\",\"address\":\"Address 7\",\"created_at\":\"2021-01-09 22:12:27\"},{\"id\":\"8\",\"name\":\"Company 8\",\"address\":\"Address 8\",\"created_at\":\"2021-01-10 17:22:05\"},{\"id\":\"9\",\"name\":\"Company 9\",\"address\":\"Address 9\",\"created_at\":\"2021-01-08 21:37:48\"},{\"id\":\"10\",\"name\":\"Company 10\",\"address\":\"Address 10\",\"created_at\":\"2021-01-06 04:35:32\"}]", "sampled_on": "2022-06-08T18:46:21.062903+00:00"}, {"table_name": "gifted-concept-337808.toy_shop_master.orders", "sample_data": "[{\"id\":\"396\",\"customer_id\":\"57\",\"status\":\"paid\",\"amount\":\"62\",\"created_at\":\"2021-01-11 00:57:49\"},{\"id\":\"418\",\"customer_id\":\"87\",\"status\":\"pending\",\"amount\":\"60\",\"created_at\":\"2021-01-11 00:53:31\"},{\"id\":\"3693\",\"customer_id\":\"2\",\"status\":\"pending\",\"amount\":\"95\",\"created_at\":\"2021-01-11 00:53:24\"},{\"id\":\"3762\",\"customer_id\":\"82\",\"status\":\"delivered\",\"amount\":\"69\",\"created_at\":\"2021-01-11 00:52:54\"},{\"id\":\"3338\",\"customer_id\":\"84\",\"status\":\"pending\",\"amount\":\"157\",\"created_at\":\"2021-01-11 00:52:33\"},{\"id\":\"4556\",\"customer_id\":\"64\",\"status\":\"pending\",\"amount\":\"177\",\"created_at\":\"2021-01-11 00:48:14\"},{\"id\":\"643\",\"customer_id\":\"34\",\"status\":\"paid\",\"amount\":\"169\",\"created_at\":\"2021-01-11 00:44:38\"},{\"id\":\"3936\",\"customer_id\":\"97\",\"status\":\"delivered\",\"amount\":\"61\",\"created_at\":\"2021-01-11 00:41:01\"},{\"id\":\"2095\",\"customer_id\":\"51\",\"status\":\"pending\",\"amount\":\"65\",\"created_at\":\"2021-01-11 00:40:00\"},{\"id\":\"2478\",\"customer_id\":\"1\",\"status\":\"pending\",\"amount\":\"105\",\"created_at\":\"2021-01-11 00:35:17\"}]", "sampled_on": "2022-06-08T18:46:21.062903+00:00"}, {"table_name": "gifted-concept-337808.toy_shop_master_sources.toy_shop_customers", "sample_data": "[{\"id\":\"260\",\"first_name\":\"Jack\",\"last_name\":\"Taylor\",\"age\":\"38.0\",\"joined_at\":\"2021-01-31 00:25:01+00:00\"},{\"id\":\"416\",\"first_name\":\"Ella\",\"last_name\":\"Thomas\",\"age\":\"29.0\",\"joined_at\":\"2021-01-30 22:54:47+00:00\"},{\"id\":\"441\",\"first_name\":\"George\",\"last_name\":\"Martin\",\"age\":\"23.0\",\"joined_at\":\"2021-01-30 20:41:19+00:00\"},{\"id\":\"160\",\"first_name\":\"Oliver\",\"last_name\":\"Harris\",\"age\":\"0.0\",\"joined_at\":\"2021-01-30 19:26:22+00:00\"},{\"id\":\"316\",\"first_name\":\"Noah\",\"last_name\":\"Garcia\",\"age\":\"43.0\",\"joined_at\":\"2021-01-30 17:20:20+00:00\"},{\"id\":\"5\",\"first_name\":\"Leo\",\"last_name\":\"Thomas\",\"age\":\"22.0\",\"joined_at\":\"2021-01-30 17:07:14+00:00\"},{\"id\":\"136\",\"first_name\":\"Ella\",\"last_name\":\"Taylor\",\"age\":\"0.0\",\"joined_at\":\"2021-01-30 14:30:19+00:00\"},{\"id\":\"357\",\"first_name\":\"Harry\",\"last_name\":\"Smith\",\"age\":\"20.0\",\"joined_at\":\"2021-01-30 13:35:53+00:00\"},{\"id\":\"198\",\"first_name\":\"Harry\",\"last_name\":\"Martin\",\"age\":\"21.0\",\"joined_at\":\"2021-01-30 12:46:17+00:00\"},{\"id\":\"462\",\"first_name\":\"Jack\",\"last_name\":\"Brown\",\"age\":\"53.0\",\"joined_at\":\"2021-01-30 10:58:28+00:00\"}]", "sampled_on": "2022-06-08T18:46:21.062903+00:00"}, {"table_name": "gifted-concept-337808.toy_shop_master.orders_per_age", "sample_data": "[{\"id\":\"396\",\"amount\":\"62\",\"status\":\"paid\",\"age\":\"55.0\",\"created_at\":\"2021-01-11 00:57:49\"},{\"id\":\"418\",\"amount\":\"60\",\"status\":\"pending\",\"age\":\"None\",\"created_at\":\"2021-01-11 00:53:31\"},{\"id\":\"3693\",\"amount\":\"95\",\"status\":\"pending\",\"age\":\"22.0\",\"created_at\":\"2021-01-11 00:53:24\"},{\"id\":\"3762\",\"amount\":\"69\",\"status\":\"delivered\",\"age\":\"43.0\",\"created_at\":\"2021-01-11 00:52:54\"},{\"id\":\"3338\",\"amount\":\"157\",\"status\":\"pending\",\"age\":\"None\",\"created_at\":\"2021-01-11 00:52:33\"},{\"id\":\"4556\",\"amount\":\"177\",\"status\":\"pending\",\"age\":\"52.0\",\"created_at\":\"2021-01-11 00:48:14\"},{\"id\":\"643\",\"amount\":\"169\",\"status\":\"paid\",\"age\":\"33.0\",\"created_at\":\"2021-01-11 00:44:38\"},{\"id\":\"3936\",\"amount\":\"61\",\"status\":\"delivered\",\"age\":\"65.0\",\"created_at\":\"2021-01-11 00:41:01\"},{\"id\":\"2095\",\"amount\":\"65\",\"status\":\"pending\",\"age\":\"60.0\",\"created_at\":\"2021-01-11 00:40:00\"},{\"id\":\"2478\",\"amount\":\"105\",\"status\":\"pending\",\"age\":\"None\",\"created_at\":\"2021-01-11 00:35:17\"}]", "sampled_on": "2022-06-08T18:46:21.062903+00:00"}, {"table_name": "gifted-concept-337808.toy_shop_master.revenue_per_age", "sample_data": "[{\"created_at\":\"2021-01-11\",\"age\":\"38.0\",\"amount\":\"108\"},{\"created_at\":\"2021-01-11\",\"age\":\"33.0\",\"amount\":\"169\"},{\"created_at\":\"2021-01-11\",\"age\":\"55.0\",\"amount\":\"62\"},{\"created_at\":\"2021-01-10\",\"age\":\"0.0\",\"amount\":\"1529\"},{\"created_at\":\"2021-01-10\",\"age\":\"27.0\",\"amount\":\"653\"},{\"created_at\":\"2021-01-10\",\"age\":\"58.0\",\"amount\":\"891\"},{\"created_at\":\"2021-01-10\",\"age\":\"63.0\",\"amount\":\"611\"},{\"created_at\":\"2021-01-10\",\"age\":\"57.0\",\"amount\":\"224\"},{\"created_at\":\"2021-01-10\",\"age\":\"21.0\",\"amount\":\"388\"},{\"created_at\":\"2021-01-10\",\"age\":\"37.0\",\"amount\":\"472\"}]", "sampled_on": "2022-06-08T18:46:21.062903+00:00"}]