Date,Open,High,Low,Close,Volume,AVG
2015-08-06,0.6747,3.0,0.6747,3.0,371,1.83735
2015-08-07,3.0,3.0,0.15,1.2,1438,1.8375
2015-08-08,1.2,1.2,1.2,1.2,0,1.2
2015-08-09,1.2,1.2,1.2,1.2,0,1.2
2015-08-10,1.2,1.2,0.6504,0.99,7419,1.0101
2015-08-11,0.99,1.29,0.905,1.29,2376,1.11875
2015-08-12,1.29,1.88,1.26,1.88,4923,1.5775
2015-08-13,1.88,2.1,1.79,1.79,11070,1.89
2015-08-14,1.79,1.79,1.5,1.79,14812,1.7175
2015-08-15,1.79,1.79,0.5,1.37,10794,1.3625
2015-08-16,1.37,1.59,1.25,1.3,6063,1.3775
2015-08-17,1.3,1.36,1.15,1.36,2867,1.2925
2015-08-18,1.36,1.36,0.99,1.24,4769,1.2375
2015-08-19,1.24,1.52,1.24,1.52,1771,1.38
2015-08-20,1.52,1.53,1.44,1.44,9197,1.4825
2015-08-21,1.44,1.44,1.4,1.4,321,1.42
2015-08-22,1.4,1.4,1.31,1.35,438,1.3649999999999998
2015-08-23,1.35,1.35,1.24,1.24,6460,1.2950000000000002
2015-08-24,1.24,1.28,1.22,1.27,1188,1.2525
2015-08-25,1.27,1.27,1.08,1.18,2337,1.2
2015-08-26,1.18,1.19,1.14,1.14,269,1.1625
2015-08-27,1.14,1.3,1.14,1.3,26922,1.22
2015-08-28,1.3,1.3,1.15,1.18,383,1.2325
2015-08-29,1.18,1.35,1.17,1.32,10975,1.255
2015-08-30,1.32,1.32,0.9,1.31,3959,1.2125
2015-08-31,1.31,1.38,1.31,1.36,1220,1.34
2015-09-01,1.36,1.37,1.14,1.14,698,1.2525
2015-09-02,1.14,1.33,1.14,1.23,3717,1.21
2015-09-03,1.28,1.4,1.28,1.35,18,1.3275
2015-09-04,1.23,1.37,1.23,1.37,10437,1.3
2015-09-05,1.37,1.39,1.34,1.34,145,1.36
2015-09-06,1.34,1.34,1.28,1.28,526,1.31
2015-09-07,1.28,1.28,1.26,1.26,103,1.27
2015-09-08,1.26,1.26,1.21,1.21,27,1.235
2015-09-09,1.21,1.21,1.12,1.19,3361,1.1825
2015-09-10,1.19,1.19,0.9242,0.9242,3066,1.0571
2015-09-11,0.9242,1.15,0.9242,1.15,513,1.0371
2015-09-12,1.15,1.15,0.8837,0.8856,3817,1.017325
2015-09-13,0.8856,0.9622,0.885,0.955,805,0.92195
2015-09-14,0.955,1.0,0.804,0.95,2273,0.92725
2015-09-15,0.95,0.9563,0.9363,0.9363,47,0.944725
2015-09-16,0.9363,0.9363,0.8238,0.875,129,0.89285
2015-09-17,0.875,0.88,0.8523,0.8523,593,0.8649
2015-09-18,0.8523,0.89,0.8013,0.89,3,0.8584
2015-09-19,0.89,0.89,0.88,0.8871,12,0.8867750000000001
2015-09-20,0.8871,0.95,0.8871,0.9412,171,0.91635
2015-09-21,0.9412,0.9412,0.8059,0.8059,175,0.8735499999999999
2015-09-22,0.8059,0.91,0.8059,0.91,13,0.85795
2015-09-23,0.91,0.91,0.8,0.8,568,0.855
2015-09-24,0.8,0.8,0.6823,0.6823,2184,0.7411500000000001
2015-09-25,0.6823,0.7703,0.6805,0.7703,58,0.7258499999999999
2015-09-26,0.7703,0.7703,0.7007,0.7008,10,0.735525
2015-09-27,0.7008,0.7047,0.6,0.6,3491,0.651375
2015-09-28,0.6,0.6816,0.5,0.6816,11590,0.6158
2015-09-29,0.6816,0.74,0.5046,0.7137,529,0.659975
2015-09-30,0.7137,0.7137,0.6545,0.6548,457,0.684175
2015-10-01,0.6548,0.6659999999999999,0.6548,0.6647,266,0.6600750000000001
2015-10-02,0.6647,0.6796,0.6647,0.6796,34,0.67215
2015-10-03,0.6796,0.6747,0.6095,0.6095,533,0.643325
2015-10-04,0.6095,0.6095,0.6078,0.6078,35,0.60865
2015-10-05,0.6078,0.6511,0.6091,0.6511,15,0.629775
2015-10-06,0.6511,0.611,0.6,0.6,1236,0.615525
2015-10-07,0.6,0.64,0.6,0.62,3673,0.615
2015-10-08,0.62,0.6352,0.5701,0.6352,1298,0.6151249999999999
2015-10-09,0.75,0.75,0.6351,0.6351,0,0.69255
2015-10-10,0.6352,0.5993,0.5993,0.5993,8,0.608275
2015-10-11,0.5993,0.639,0.63,0.63,13,0.624575
2015-10-12,0.63,0.65,0.6016,0.6017,471,0.6208250000000001
2015-10-13,0.6017,0.6017,0.5,0.5,1538,0.5508500000000001
2015-10-14,0.5,0.56,0.4832,0.56,128,0.5258
2015-10-15,0.56,0.5622,0.525,0.525,210,0.54305
2015-10-16,0.525,0.54,0.52,0.523,855,0.527
2015-10-17,0.523,0.52,0.505,0.505,534,0.51325
2015-10-18,0.505,0.505,0.4821,0.5,780,0.498025
2015-10-19,0.5,0.4805,0.44,0.44,682,0.465125
2015-10-20,0.44,0.4719,0.42,0.42,707,0.437975
2015-10-21,0.42,0.609,0.41100000000000003,0.609,1759,0.51225
2015-10-22,0.609,0.609,0.5,0.5649,2166,0.5707249999999999
2015-10-23,0.5649,0.5561,0.51,0.5561,156,0.546775
2015-10-24,0.5561,0.67,0.5875,0.62,902,0.6084
2015-10-26,0.62,0.706,0.62,0.706,1190,0.6629999999999999
2015-10-27,0.706,0.9009999999999999,0.7012,0.83,1738,0.7845500000000001
2015-10-28,0.83,1.01,0.82,0.99,4611,0.9125
2015-10-29,0.99,1.2,0.9717,1.12,4937,1.070425
2015-10-30,1.12,1.34,1.12,1.14,4346,1.18
2015-10-31,1.14,1.14,0.8676,0.8676,804,1.0038
2015-11-01,0.8676,0.99,0.8676,0.99,176,0.9288
2015-11-02,0.99,1.06,0.9753,0.9878,7192,1.003275
2015-11-03,0.9878,1.06,0.8425,1.06,6124,0.987575
2015-11-04,1.06,1.06,0.7987,0.799,5189,0.929425
2015-11-05,0.799,1.0,0.799,0.8764,1078,0.8685999999999999
2015-11-06,0.8764,0.9899,0.79,0.9899,3121,0.91155
2015-11-07,0.9899,0.93,0.8647,0.93,1195,0.92865
2015-11-08,0.93,1.0,0.8945,1.0,3067,0.956125
2015-11-09,1.0,1.08,0.89,0.998,8903,0.992
2015-11-10,0.998,1.0,0.9,0.9,7531,0.9495
2015-11-11,0.9,0.94,0.73,0.75,9539,0.83
2015-11-12,0.75,0.9,0.75,0.88,2032,0.82
2015-11-13,0.88,0.9,0.8395,0.9,1625,0.879875
2015-11-14,0.9,0.91,0.8736,0.88,469,0.8909
2015-11-15,0.88,0.9193,0.8746,0.9193,770,0.8983000000000001
2015-11-16,0.9193,0.925,0.6612,0.925,2699,0.8576250000000001
2015-11-17,0.925,1.0,0.9224,1.0,9189,0.96185
2015-11-18,1.0,1.0,0.95,0.9973,3299,0.986825
2015-11-19,0.9973,1.0,0.92,0.94,1221,0.964325
2015-11-20,0.94,0.94,0.91,0.92,154,0.9275
2015-11-21,0.92,0.96,0.92,0.96,378,0.94
2015-11-22,0.96,0.97,0.8827,0.97,236,0.945675
2015-11-23,0.97,0.92,0.92,0.92,775,0.9325
2015-11-24,0.92,0.95,0.91,0.91,544,0.9225
2015-11-25,0.91,0.9126,0.8674,0.87,2775,0.89
2015-11-26,0.87,0.91,0.8155,0.86,4777,0.863875
2015-11-27,0.86,0.89,0.88,0.88,719,0.8775
2015-11-28,0.88,0.91,0.88,0.91,968,0.895
2015-11-29,0.91,0.91,0.85,0.87,2380,0.885
2015-11-30,0.87,0.88,0.8674,0.88,394,0.87435
2015-12-01,0.88,0.8885,0.8423,0.87,2502,0.8702000000000001
2015-12-02,0.87,0.87,0.8,0.82,3243,0.84
2015-12-03,0.82,0.83,0.7979,0.83,905,0.819475
2015-12-04,0.83,0.84,0.8246,0.84,527,0.83365
2015-12-05,0.84,0.8699,0.8351,0.8699,785,0.853725
2015-12-06,0.8699,0.87,0.825,0.825,765,0.847475
2015-12-07,0.825,0.825,0.7829,0.79,1325,0.805725
2015-12-08,0.79,0.898,0.7796,0.8102,5379,0.81945
2015-12-09,0.8102,0.8533,0.7609999999999999,0.8051,7556,0.8074
2015-12-10,0.8051,0.8683,0.7797,0.8437,5897,0.8242
2015-12-11,0.8437,0.9,0.77,0.8998,5965,0.853375
2015-12-12,0.8998,0.96,0.8998,0.96,5089,0.9299
2015-12-13,0.96,0.9749,0.8835,0.9199,980,0.934575
2015-12-14,0.9199,0.99,0.9628,0.99,4533,0.965675
2015-12-15,0.99,1.0,0.96,1.0,8124,0.9875
2015-12-16,1.0,1.1,0.8,0.8029999999999999,5846,0.92575
2015-12-17,0.8029999999999999,0.9701,0.8029999999999999,0.94,576,0.879025
2015-12-18,0.94,0.94,0.9,0.9,376,0.92
2015-12-19,0.9,0.9193,0.8935,0.8935,2153,0.901575
2015-12-20,0.8935,1.07,0.8935,1.07,1380,0.98175
2015-12-21,1.07,1.07,0.91,0.91,2543,0.99
2015-12-22,0.91,0.9999,0.88,0.88,6918,0.917475
2015-12-23,0.88,0.9897,0.87,0.8709,498,0.90265
2015-12-24,0.8709,0.8899,0.85,0.87,1216,0.8702000000000001
2015-12-25,0.87,0.88,0.8569,0.88,313,0.871725
2015-12-26,0.88,1.0,0.85,0.853,2673,0.89575
2015-12-27,0.853,0.9179999999999999,0.84,0.9179999999999999,1168,0.88225
2015-12-28,0.9179999999999999,0.9179999999999999,0.84,0.8749,3616,0.8877250000000001
2015-12-29,0.8749,0.89,0.8433,0.86,458,0.86705
2015-12-30,0.86,0.929,0.86,0.8925,3942,0.885375
2015-12-31,0.8925,0.9666,0.8925,0.9488,766,0.9251
2016-01-01,0.9488,0.9488,0.9184,0.92,43,0.934
2016-01-02,0.92,0.9547,0.92,0.9547,68,0.93735
2016-01-03,0.9547,0.97,0.9506,0.96,485,0.958825
2016-01-04,0.96,0.9644,0.9186,0.95,787,0.94825
2016-01-05,0.95,0.9599,0.9409,0.9426,735,0.94835
2016-01-06,0.9426,0.9520000000000001,0.9292,0.95,1053,0.94345
2016-01-07,0.95,0.96,0.93,0.94,1618,0.945
2016-01-08,0.94,0.985,0.94,0.985,6900,0.9625
2016-01-09,0.985,0.998,0.9654,0.985,3030,0.98335
2016-01-10,0.985,1.0,0.9902,1.0,1681,0.9938
2016-01-11,1.0,1.1,1.0,1.08,8945,1.045
2016-01-12,1.08,1.25,1.05,1.22,27407,1.15
2016-01-13,1.22,1.22,1.07,1.14,9029,1.1625
2016-01-14,1.14,1.16,1.1,1.16,2056,1.14
2016-01-15,1.16,1.33,1.16,1.2,8843,1.2125
2016-01-16,1.2,1.32,1.2,1.22,8316,1.235
2016-01-17,1.22,1.31,1.21,1.31,2321,1.2625000000000002
2016-01-18,1.31,1.55,1.31,1.47,49371,1.41
2016-01-19,1.47,1.47,1.22,1.22,4079,1.345
2016-01-20,1.22,1.61,1.22,1.54,7820,1.3975
2016-01-21,1.54,1.61,1.4,1.54,39665,1.5225000000000002
2016-01-22,1.54,1.66,1.42,1.52,11707,1.535
2016-01-23,1.52,2.03,1.39,2.03,50006,1.7424999999999995
2016-01-24,2.03,2.3,1.1,2.1,130458,1.8825
2016-01-25,2.1,2.88,2.05,2.5,52226,2.3825000000000003
2016-01-26,2.5,2.8,2.25,2.3,117514,2.4625
2016-01-27,2.3,2.8,1.88,2.42,39261,2.35
2016-01-28,2.42,2.61,2.24,2.55,15510,2.455
2016-01-29,2.55,2.61,2.21,2.41,67942,2.4450000000000003
2016-01-30,2.41,2.6,2.37,2.44,8531,2.455
2016-01-31,2.44,2.54,2.2,2.2,39324,2.345
2016-02-01,2.2,2.32,2.0,2.17,27808,2.1725
2016-02-02,2.17,2.45,2.12,2.45,20326,2.2975000000000003
2016-02-03,2.45,2.54,2.3,2.53,16849,2.455
2016-02-04,2.53,2.79,2.5,2.57,37881,2.5975
2016-02-05,2.57,2.59,2.47,2.56,26847,2.5475000000000003
2016-02-06,2.56,2.57,2.48,2.53,14564,2.535
2016-02-07,2.53,3.0,2.51,3.0,50607,2.76
2016-02-08,3.0,3.24,2.75,3.16,68693,3.0375
2016-02-09,3.16,3.97,3.14,3.76,112281,3.5075000000000003
2016-02-10,3.76,4.98,3.5,4.35,420132,4.1475
2016-02-11,4.35,6.38,3.44,6.38,237406,5.1375
2016-02-12,6.38,6.47,5.05,5.27,329698,5.7925
2016-02-13,5.27,5.8,4.07,5.22,309173,5.09
2016-02-14,5.22,5.41,4.5,5.2,105581,5.0825
2016-02-15,5.2,5.98,4.5,5.22,157021,5.225
2016-02-16,5.22,5.44,4.0,4.25,149224,4.7275
2016-02-17,4.25,4.78,3.5,3.86,194919,4.0975
2016-02-18,3.86,4.75,3.32,4.36,160004,4.0725
2016-02-19,4.36,4.75,4.06,4.45,67845,4.4049999999999985
2016-02-20,4.45,4.72,4.01,4.37,59998,4.3875
2016-02-21,4.37,4.63,4.0,4.63,96725,4.4075
2016-02-22,4.63,5.84,4.5,5.6,184739,5.1425
2016-02-23,5.6,6.0,5.32,5.7,167226,5.655
2016-02-24,5.7,6.5,5.51,6.23,203972,5.985
2016-02-25,6.23,6.64,5.55,5.93,301845,6.0875
2016-02-26,5.93,6.29,5.71,6.03,94076,5.99
2016-02-27,6.03,6.5,5.75,6.31,190116,6.1475
2016-02-28,6.31,6.54,6.15,6.5,88226,6.375
2016-02-29,6.5,6.62,6.0,6.35,104433,6.3675
2016-03-01,6.35,7.6,6.25,7.59,429220,6.9475
2016-03-02,7.59,9.9,7.04,8.7,467357,8.307500000000001
2016-03-03,8.7,9.94,8.3,9.35,862559,9.0725
2016-03-04,9.35,9.96,8.27,9.96,908225,9.385000000000002
2016-03-05,9.96,12.0,9.75,11.0,1726260,10.6775
2016-03-06,11.0,11.9,9.75,10.98,845841,10.9075
2016-03-07,10.98,11.47,9.06,9.5,732233,10.2525
2016-03-08,9.5,10.89,8.49,9.88,592001,9.69
2016-03-09,9.88,12.0,9.6,11.55,568223,10.7575
2016-03-10,11.55,12.05,10.25,11.11,749105,11.24
2016-03-11,11.11,11.62,10.4,11.25,332692,11.095
2016-03-12,11.25,13.48,11.03,13.25,1669862,12.2525
2016-03-13,13.25,15.18,12.0,15.0,1539173,13.8575
2016-03-14,15.0,15.0,10.5,12.5,1909296,13.25
2016-03-15,12.5,13.45,10.0,13.09,978794,12.260000000000002
2016-03-16,13.09,13.75,12.8,12.92,593048,13.14
2016-03-17,12.92,13.0,10.2,11.14,1442272,11.815
2016-03-18,11.14,11.47,8.09,10.75,1629668,10.3625
2016-03-19,10.75,11.19,9.8,10.55,512234,10.5725
2016-03-20,10.55,10.85,9.52,10.06,469675,10.245
2016-03-21,10.06,11.99,9.93,11.97,819534,10.9875
2016-03-22,11.97,12.2,10.95,10.96,727727,11.52
2016-03-23,10.96,12.5,10.96,12.29,654062,11.6775
2016-03-24,12.29,12.48,10.84,11.13,749565,11.685
2016-03-25,11.13,11.4,10.51,10.69,555245,10.9325
2016-03-26,10.69,11.38,10.58,11.0,265184,10.9125
2016-03-27,11.0,11.09,10.11,10.5,465235,10.675
2016-03-27,10.5,11.83,10.3,11.58,711407,11.052499999999998
2016-03-28,11.58,11.8,11.19,11.73,472412,11.575
2016-03-29,11.73,12.13,11.21,11.88,644259,11.7375
2016-03-30,11.88,12.13,11.33,11.41,469619,11.6875
2016-03-31,11.41,11.89,11.27,11.63,230341,11.55
2016-04-01,11.63,11.67,11.35,11.61,109565,11.565
2016-04-02,11.61,11.64,11.46,11.58,143804,11.5725
2016-04-03,11.58,11.63,10.99,11.1,368905,11.325
2016-04-04,11.1,11.26,10.01,10.39,848156,10.69
2016-04-05,10.39,11.13,10.25,10.79,347894,10.64
2016-04-06,10.79,10.8,9.9,10.08,499584,10.3925
2016-04-07,10.08,10.32,9.59,9.74,345107,9.9325
2016-04-08,9.74,10.05,9.0,9.16,582928,9.4875
2016-04-09,9.16,9.2,7.35,8.8,1608160,8.627500000000001
2016-04-10,8.8,8.95,7.99,8.72,477247,8.615
2016-04-11,8.72,8.72,7.15,7.53,656699,8.030000000000001
2016-04-12,7.53,8.76,7.0,8.02,816613,7.8275
2016-04-13,8.02,8.88,8.0,8.48,331212,8.344999999999999
2016-04-14,8.48,8.61,8.12,8.22,182732,8.3575
2016-04-15,8.22,8.57,8.15,8.48,267873,8.355
2016-04-16,8.48,9.99,8.48,9.45,763315,9.1
2016-04-17,9.45,9.51,8.46,8.92,588238,9.085
2016-04-18,8.92,9.25,8.55,8.77,471842,8.8725
2016-04-19,8.77,8.92,8.35,8.54,721266,8.645
2016-04-20,8.54,8.7,8.0,8.15,357687,8.3475
2016-04-21,8.15,8.37,7.66,7.83,412692,8.0025
2016-04-22,7.83,8.54,7.72,8.31,329479,8.1
2016-04-23,8.31,8.45,7.82,8.0,372438,8.145
2016-04-24,8.0,8.1,7.27,7.43,786134,7.7
2016-04-25,7.43,7.6,7.1,7.5,557777,7.4075
2016-04-26,7.5,7.99,7.33,7.77,383755,7.6475
2016-04-27,7.77,7.79,7.25,7.3,283192,7.5275
2016-04-28,7.3,7.72,7.19,7.51,212926,7.43
2016-04-29,7.51,9.49,7.46,8.83,1391614,8.3225
2016-04-30,8.83,9.19,8.42,8.76,396806,8.799999999999997
2016-05-01,8.76,10.43,8.75,10.03,1652336,9.4925
2016-05-02,10.03,10.17,8.61,9.37,846402,9.545
2016-05-03,9.37,9.98,9.21,9.43,575918,9.4975
2016-05-04,9.43,9.97,9.27,9.79,575232,9.614999999999998
2016-05-05,9.79,9.95,9.09,9.27,741537,9.525
2016-05-06,9.27,9.45,9.09,9.3,245436,9.2775
2016-05-07,9.3,9.54,8.91,9.44,486475,9.2975
2016-05-08,9.44,9.73,9.17,9.32,401181,9.415
2016-05-09,9.32,9.5,9.22,9.39,212391,9.3575
2016-05-10,9.39,10.01,9.37,9.97,756859,9.685
2016-05-11,9.97,10.57,9.79,10.1,1270749,10.1075
2016-05-12,10.1,11.12,10.04,10.48,1097388,10.435
2016-05-13,10.48,10.66,9.74,10.14,754171,10.255
2016-05-14,10.14,10.47,9.91,9.94,413310,10.115
2016-05-15,9.94,11.4,9.93,11.04,1547748,10.5775
2016-05-16,11.04,12.6,11.03,12.26,2752386,11.7325
2016-05-17,12.26,14.35,12.11,13.29,3335939,13.0025
2016-05-18,13.29,14.65,13.02,14.49,2927687,13.8625
2016-05-19,14.49,15.01,13.36,13.73,3107344,14.1475
2016-05-20,13.73,14.02,12.91,13.95,1546478,13.6525
2016-05-21,13.95,14.3,13.77,14.21,1270263,14.0575
2016-05-22,14.21,14.4,13.32,13.45,1734447,13.845
2016-05-23,13.45,13.81,11.9,12.62,2893203,12.945
2016-05-24,12.62,12.9,11.82,12.53,1826871,12.4675
2016-05-25,12.53,12.91,12.04,12.37,1301320,12.4625
2016-05-26,12.37,12.33,10.39,11.11,3679168,11.55
2016-05-27,11.11,12.22,10.34,11.56,3181224,11.3075
2016-05-28,11.56,12.43,11.37,12.28,2228732,11.91
2016-05-29,12.28,12.76,12.03,12.48,1065248,12.3875
2016-05-30,12.48,14.28,12.43,13.85,3515815,13.26
2016-05-31,13.85,14.26,13.4,13.83,2302485,13.835
2016-06-01,13.83,14.08,13.62,13.78,1184334,13.8275
2016-06-02,13.78,14.32,13.17,13.78,1686482,13.7625
2016-06-03,13.78,13.91,13.33,13.66,1165878,13.669999999999998
2016-06-04,13.66,13.9,13.49,13.85,576616,13.725
2016-06-05,13.85,14.04,13.71,13.96,913782,13.89
2016-06-06,13.96,14.55,13.77,14.41,1831555,14.1725
2016-06-07,14.41,14.76,14.3,14.44,2132214,14.4775
2016-06-08,14.44,14.73,14.37,14.49,692699,14.5075
2016-06-09,14.49,14.52,13.74,13.97,1773836,14.18
2016-06-10,13.97,14.17,13.76,14.01,799325,13.9775
2016-06-11,14.01,15.6,13.91,15.57,4346663,14.7725
2016-06-12,15.57,17.6,15.33,17.549999,7459518,16.51249975
2016-06-13,17.549999,19.17,16.34,18.700001,11077976,17.94
2016-06-14,18.700001,18.790001,17.51,18.299999,3960403,18.32500025
2016-06-15,18.299999,21.35,18.209999,20.610001,10598002,19.61749975
2016-06-16,20.610001,21.389999,13.44,15.49,38835782,17.732499999999995
2016-06-17,15.49,15.53,9.94,11.36,20282268,13.08
2016-06-18,11.36,13.53,10.55,12.33,7516494,11.9425
2016-06-19,12.33,12.61,10.42,11.7,7368783,11.765
2016-06-20,11.7,12.76,11.08,12.71,5196251,12.0625
2016-06-21,12.71,15.9,12.64,13.21,20239842,13.615
2016-06-22,13.21,13.91,12.48,13.58,5979901,13.295
2016-06-23,13.58,14.8,13.12,14.25,5307462,13.9375
2016-06-24,14.25,14.62,13.89,14.28,2233332,14.26
2016-06-25,14.28,14.33,13.56,13.82,1615035,13.9975
2016-06-26,13.82,14.43,13.6,14.04,1241424,13.9725
2016-06-27,14.04,14.14,11.36,12.15,7059267,12.9225
2016-06-28,12.15,12.98,11.59,12.76,3155698,12.37
2016-06-29,12.76,12.82,12.12,12.4,1682614,12.525
2016-06-30,12.4,12.55,11.65,12.23,2146235,12.2075
2016-07-01,12.23,12.3,11.87,12.04,837313,12.11
2016-07-02,12.04,12.15,11.56,11.85,1270392,11.9
2016-07-03,11.85,11.88,10.67,11.34,1827745,11.435
2016-07-04,11.34,11.41,8.98,10.45,6584753,10.545
2016-07-05,10.45,11.07,10.16,10.51,2068628,10.5475
2016-07-06,10.51,10.6,9.69,10.07,1889826,10.2175
2016-07-07,10.07,11.67,9.96,11.3,3259343,10.75
2016-07-08,11.3,11.5,10.68,10.92,2172756,11.1
2016-07-09,10.92,11.14,10.77,10.97,542703,10.95
2016-07-10,10.97,11.03,10.1,10.58,1754036,10.67
2016-07-11,10.58,10.84,10.43,10.54,987728,10.5975
2016-07-12,10.54,10.67,10.39,10.44,836101,10.51
2016-07-13,10.44,11.69,10.37,11.55,3803996,11.0125
2016-07-14,11.55,12.64,11.4,11.88,5989467,11.8675
2016-07-15,11.88,12.12,11.5,11.59,1741687,11.7725
2016-07-16,11.59,11.73,10.9,11.19,4958378,11.3525
2016-07-17,11.19,11.66,10.9,11.03,2657743,11.195
2016-07-18,11.03,12.1,10.95,11.63,4055734,11.4275
2016-07-19,11.63,13.0,11.4,12.54,11258732,12.1425
2016-07-20,12.54,12.92,12.02,12.66,5314646,12.535
2016-07-21,12.66,15.06,12.57,14.82,14161594,13.7775
2016-07-22,14.82,15.27,13.99,14.4,7061906,14.62
2016-07-23,14.4,14.68,12.15,12.63,13418374,13.465
2016-07-24,12.63,13.88,12.59,13.84,5674967,13.235
2016-07-25,13.84,13.9,11.74,12.08,10981872,12.89
2016-07-26,12.08,13.52,11.73,13.05,5077547,12.595
2016-07-27,13.05,13.08,12.48,12.87,3121650,12.87
2016-07-28,12.87,12.93,12.56,12.87,2029034,12.8075
2016-07-29,12.87,12.88,12.53,12.57,2030259,12.7125
2016-07-30,12.57,12.56,11.54,11.86,3358462,12.1325
2016-07-31,11.86,12.05,10.15,11.04,3610696,11.275
2016-08-01,11.04,11.2,7.03,8.3,10863339,9.3925
2016-08-02,8.3,10.64,8.09,10.42,4834647,9.3625
2016-08-03,10.42,11.53,10.25,11.21,2985961,10.8525
2016-08-04,11.21,11.32,10.73,11.05,1126449,11.0775
2016-08-05,11.05,11.09,10.34,10.95,1043336,10.857500000000002
2016-08-06,10.95,11.13,10.76,10.98,1377540,10.954999999999998
2016-08-07,10.98,11.49,10.83,11.29,2281375,11.1475
2016-08-08,11.29,12.43,11.17,12.22,4071702,11.7775
2016-08-09,12.22,12.67,11.86,12.22,5255819,12.2425
2016-08-10,12.22,12.35,11.59,11.68,3016560,11.96
2016-08-11,11.68,12.04,11.58,11.78,2065414,11.77
2016-08-12,11.78,11.83,11.49,11.56,1193514,11.665
2016-08-13,11.56,11.71,11.08,11.21,1638525,11.39
2016-08-14,11.21,11.43,10.97,11.21,1373317,11.205
2016-08-15,11.21,11.43,10.98,11.17,1261077,11.197500000000002
2016-08-16,11.17,11.23,10.71,10.77,2530514,10.97
2016-08-17,10.77,11.07,10.74,10.77,1436468,10.8375
2016-08-18,10.77,10.85,10.64,10.71,977152,10.7425
2016-08-19,10.71,11.35,10.68,11.28,1576304,11.005
2016-08-20,11.28,11.31,10.96,11.14,548398,11.1725
2016-08-21,11.14,11.37,11.04,11.07,1196884,11.155
2016-08-22,11.07,11.22,10.87,11.01,1117682,11.0425
2016-08-23,11.01,11.17,10.92,11.01,739274,11.0275
2016-08-24,11.01,11.36,10.98,11.35,1230358,11.175
2016-08-25,11.35,11.44,11.19,11.26,847110,11.31
2016-08-26,11.26,11.29,11.15,11.19,485209,11.222499999999998
2016-08-27,11.19,11.21,10.98,10.99,793760,11.0925
2016-08-28,10.99,11.16,10.77,10.95,1106816,10.9675
2016-08-29,10.95,11.3,10.94,11.21,967365,11.1
2016-08-30,11.21,11.74,11.14,11.55,1283480,11.41
2016-08-31,11.55,12.6,11.55,12.21,3084388,11.9775
2016-09-01,12.21,12.37,11.92,12.08,1731750,12.145
2016-09-02,12.08,12.41,11.55,11.85,1552172,11.972500000000002
2016-09-03,11.85,11.93,11.49,11.71,912660,11.745
2016-09-04,11.71,11.83,11.59,11.75,508640,11.72
2016-09-05,11.75,11.76,11.45,11.7,870183,11.665
2016-09-06,11.7,11.86,11.5,11.59,704039,11.6625
2016-09-07,11.59,11.72,11.29,11.39,1182869,11.4975
2016-09-08,11.39,11.76,11.29,11.72,1395640,11.54
2016-09-09,11.72,12.06,11.49,12.05,1011883,11.830000000000002
2016-09-10,12.05,12.2,11.58,11.64,1253034,11.8675
2016-09-11,11.64,11.96,11.62,11.89,724255,11.7775
2016-09-12,11.89,12.14,11.82,11.92,3108044,11.9425
2016-09-13,11.92,12.06,11.76,11.97,1189503,11.9275
2016-09-14,11.97,12.14,11.89,11.96,1642142,11.99
2016-09-15,11.96,12.81,11.89,12.61,2298783,12.3175
2016-09-16,12.61,12.92,12.43,12.83,874551,12.6975
2016-09-17,12.83,13.0,12.21,12.39,2999604,12.6075
2016-09-18,12.39,13.16,12.36,12.93,1570880,12.71
2016-09-19,12.93,14.75,12.92,14.72,4649566,13.83
2016-09-20,14.72,14.84,13.18,13.72,3597165,14.115
2016-09-21,13.72,13.84,12.37,13.11,3037294,13.26
2016-09-22,13.11,13.46,13.08,13.36,1001985,13.2525
2016-09-23,13.36,13.4,12.63,12.91,1202185,13.075
2016-09-24,12.91,13.17,12.79,13.05,565459,12.98
2016-09-25,13.05,13.16,12.8,12.89,783983,12.975
2016-09-26,12.89,13.3,12.83,13.09,1086159,13.0275
2016-09-27,13.09,13.56,13.06,13.3,1122919,13.2525
2016-09-28,13.3,13.38,13.09,13.17,878164,13.235
2016-09-29,13.17,13.39,13.06,13.24,889551,13.215000000000002
2016-09-30,13.24,13.3,13.07,13.21,824667,13.205
2016-10-01,13.21,13.3,13.15,13.23,631029,13.2225
2016-10-02,13.23,13.51,13.18,13.45,922433,13.3425
2016-10-03,13.45,13.56,13.23,13.32,1307651,13.39
2016-10-04,13.32,13.44,13.09,13.09,1087377,13.235
2016-10-05,13.09,13.19,12.66,12.87,1424912,12.9525
2016-10-06,12.87,13.08,12.5,12.68,1313504,12.7825
2016-10-07,12.68,12.76,12.04,12.24,1494626,12.43
2016-10-08,12.24,12.41,11.97,12.06,1339556,12.17
2016-10-09,12.06,12.15,11.6,11.74,2039638,11.8875
2016-10-10,11.74,12.23,11.7,11.75,1355534,11.855
2016-10-11,11.75,12.09,11.68,11.77,1348844,11.822499999999998
2016-10-12,11.77,12.1,11.74,12.02,1210242,11.9075
2016-10-13,12.02,12.06,11.84,11.9,794319,11.955
2016-10-14,11.9,11.98,11.76,11.96,625037,11.9
2016-10-15,11.96,12.04,11.87,11.93,425194,11.95
2016-10-16,11.93,12.0,11.82,11.98,921893,11.9325
2016-10-17,11.98,12.92,11.93,12.5,2086531,12.3325
2016-10-18,12.5,12.65,11.88,11.98,1413674,12.2525
2016-10-19,11.98,12.26,11.93,12.05,884658,12.055
2016-10-20,12.05,12.13,11.97,12.07,396002,12.055
2016-10-21,12.07,12.16,11.9,12.06,577127,12.0475
2016-10-22,12.06,12.09,11.9,11.95,500515,12.0
2016-10-23,11.95,12.02,11.89,11.93,676684,11.9475
2016-10-24,11.93,11.96,11.08,11.38,2217209,11.5875
2016-10-25,11.38,11.69,11.29,11.5,906595,11.465
2016-10-26,11.5,11.57,11.21,11.43,1185604,11.4275
2016-10-27,11.43,11.6,10.93,11.08,1744841,11.26
2016-10-28,11.08,11.25,9.42,10.39,3189413,10.535
2016-10-29,10.39,11.42,10.28,11.22,1221192,10.8275
2016-10-31,11.22,11.64,10.86,10.91,1472033,11.1575
2016-11-01,10.91,11.19,10.32,10.75,2120518,10.7925
2016-11-02,10.75,11.16,10.69,10.82,1354204,10.855
2016-11-03,10.82,11.12,10.71,10.86,1572227,10.8775
2016-11-04,10.86,11.15,10.8,11.13,884314,10.985
2016-11-05,11.13,11.21,10.98,11.11,457396,11.107500000000002
2016-11-06,11.11,11.16,10.89,10.97,485095,11.0325
2016-11-07,10.97,11.04,10.85,10.9,782734,10.94
2016-11-08,10.9,11.01,10.79,10.86,998744,10.89
2016-11-09,10.86,10.83,10.16,10.64,1986925,10.6225
2016-11-10,10.64,10.73,10.44,10.52,443281,10.5825
2016-11-11,10.52,10.67,10.19,10.29,775064,10.4175
2016-11-12,10.29,10.34,9.64,9.96,1155624,10.0575
2016-11-13,9.96,10.38,9.68,10.13,810621,10.0375
2016-11-14,10.13,10.17,9.9,10.0,565262,10.05
2016-11-15,10.0,10.32,9.81,10.22,796438,10.0875
2016-11-16,10.22,10.38,9.85,10.01,1257139,10.115
2016-11-17,10.01,10.14,9.81,9.95,1108257,9.9775
2016-11-18,9.95,9.99,9.42,9.53,1198775,9.7225
2016-11-19,9.53,9.76,9.45,9.7,664066,9.61
2016-11-20,9.7,9.76,9.5,9.57,486220,9.6325
2016-11-21,9.57,9.65,9.43,9.56,450573,9.5525
2016-11-22,9.56,10.25,9.51,9.84,1239793,9.79
2016-11-23,9.84,9.93,9.71,9.78,456302,9.815
2016-11-24,9.78,9.82,8.69,9.22,1867383,9.3775
2016-11-25,9.22,9.75,9.17,9.39,716441,9.3825
2016-11-26,9.39,9.49,9.25,9.34,293525,9.3675
2016-11-27,9.34,9.34,8.64,8.91,1353644,9.0575
2016-11-28,8.91,9.04,8.56,8.66,883086,8.7925
2016-11-29,8.66,8.71,7.8,8.18,2178363,8.3375
2016-11-30,8.18,8.73,8.07,8.59,1370387,8.3925
2016-12-01,8.59,8.67,8.27,8.44,830842,8.4925
2016-12-02,8.44,8.44,7.3,7.65,3086902,7.9575
2016-12-03,7.65,8.13,7.44,7.9,1424715,7.780000000000001
2016-12-04,7.9,7.92,7.42,7.54,728686,7.695
2016-12-05,7.54,7.6,6.53,6.69,2211620,7.090000000000002
2016-12-06,6.69,7.8,5.97,7.61,4244346,7.0175
2016-12-07,7.61,8.55,7.39,8.35,1716783,7.975
2016-12-08,8.35,8.9,8.19,8.3,1798741,8.434999999999999
2016-12-09,8.3,8.64,7.98,8.52,1200256,8.36
2016-12-10,8.52,8.58,8.01,8.09,862005,8.3
2016-12-11,8.09,8.25,8.06,8.2,424995,8.149999999999999
2016-12-12,8.2,8.6,8.15,8.45,1036639,8.349999999999998
2016-12-13,8.45,8.54,8.31,8.4,588447,8.424999999999999
2016-12-14,8.4,8.47,8.2,8.23,572590,8.325
2016-12-15,8.23,8.28,7.67,7.76,1657356,7.9849999999999985
2016-12-16,7.76,7.94,7.75,7.85,545242,7.824999999999998
2016-12-17,7.85,7.87,7.47,7.66,931231,7.712499999999999
2016-12-18,7.66,7.94,7.66,7.89,596318,7.7875
2016-12-19,7.89,7.92,7.57,7.61,561539,7.7475
2016-12-20,7.61,7.76,7.54,7.59,535548,7.625
2016-12-21,7.59,7.96,7.57,7.87,871421,7.7475
2016-12-22,7.87,7.92,7.48,7.64,1484702,7.7275
2016-12-23,7.64,7.64,7.05,7.16,1661753,7.3725
2016-12-24,7.16,7.44,7.02,7.23,536182,7.2125
2016-12-25,7.23,7.31,7.1,7.19,417117,7.2075
2016-12-26,7.19,7.3,6.98,7.21,544580,7.17
2016-12-27,7.21,7.34,7.03,7.15,652961,7.182500000000001
2016-12-28,7.15,7.72,7.03,7.57,1766689,7.3675000000000015
2016-12-29,7.57,8.51,7.49,8.21,3493858,7.945
2016-12-30,8.21,8.48,7.99,8.16,1329431,8.21
2016-12-31,8.16,8.23,7.92,8.05,1105687,8.09
2017-01-01,8.05,8.54,8.02,8.14,1347147,8.1875
2017-01-02,8.14,8.47,8.03,8.33,1292250,8.2425
2017-01-03,8.33,9.94,8.18,9.59,5292231,9.01
2017-01-04,9.59,10.89,9.31,10.88,7005140,10.1675
2017-01-05,10.88,11.63,9.07,10.2,9120265,10.445
2017-01-06,10.2,10.42,9.44,10.07,3477359,10.0325
2017-01-07,10.07,10.12,9.47,9.78,1942619,9.86
2017-01-08,9.78,10.39,9.67,10.27,1933043,10.0275
2017-01-09,10.27,10.75,10.03,10.2,2324307,10.3125
2017-01-10,10.2,10.68,10.23,10.55,1592370,10.415
2017-01-11,10.55,10.72,9.49,9.83,3510206,10.1475
2017-01-12,9.83,10.23,9.14,9.81,2340175,9.7525
2017-01-13,9.81,9.9,9.47,9.78,1201195,9.74
2017-01-14,9.78,9.91,9.63,9.78,610220,9.775
2017-01-15,9.78,9.99,9.73,9.88,466935,9.845
2017-01-16,9.88,10.12,9.55,9.59,857365,9.785
2017-01-17,9.59,10.53,9.56,10.14,2847715,9.955
2017-01-18,10.14,10.46,9.91,10.19,1986053,10.175
2017-01-19,10.19,10.52,10.17,10.43,1181087,10.3275
2017-01-20,10.43,10.75,10.31,10.6,1630007,10.5225
2017-01-21,10.6,11.0,10.54,10.91,1663670,10.7625
2017-01-22,10.91,11.01,10.6,10.71,1443235,10.8075
2017-01-23,10.71,10.96,10.63,10.78,1035512,10.77
2017-01-24,10.78,10.87,10.49,10.51,1330265,10.6625
2017-01-25,10.51,10.65,10.4,10.51,864774,10.5175
2017-01-26,10.51,10.67,10.48,10.65,940417,10.5775
2017-01-27,10.65,10.67,10.41,10.51,1060899,10.56
2017-01-28,10.51,10.57,10.44,10.54,764915,10.515
2017-01-29,10.54,10.56,10.44,10.47,412832,10.5025
2017-01-30,10.47,10.77,10.42,10.62,1369992,10.57
2017-01-31,10.62,10.8,10.53,10.71,2020510,10.665
2017-02-01,10.71,10.87,10.53,10.71,2367496,10.705
2017-02-02,10.71,10.92,10.57,10.78,2738130,10.745
2017-02-03,10.78,10.95,10.55,10.95,2590189,10.8075
2017-02-04,10.95,11.4,10.88,11.32,2507121,11.1375
2017-02-05,11.32,11.39,11.1,11.22,904300,11.2575
2017-02-06,11.22,11.39,11.18,11.32,970692,11.2775
2017-02-07,11.32,11.55,11.26,11.45,1481700,11.395
2017-02-08,11.45,11.6,11.11,11.39,1842031,11.3875
2017-02-09,11.39,11.49,10.53,10.94,3312153,11.0875
2017-02-10,10.94,11.44,10.81,11.34,1955534,11.1325
2017-02-11,11.34,11.45,11.28,11.43,1131595,11.375
2017-02-12,11.43,11.49,11.34,11.42,679904,11.420000000000002
2017-02-13,11.42,11.49,11.19,11.39,1044736,11.3725
2017-02-14,11.39,14.05,11.32,13.0,8633943,12.44
2017-02-15,13.0,13.68,12.63,12.97,3998609,13.07
2017-02-16,12.97,13.06,12.64,12.95,26181931,12.905
2017-02-17,12.95,12.94,12.68,12.72,2015038,12.8225
2017-02-18,12.72,12.89,12.71,12.83,1270318,12.7875
2017-02-19,12.83,12.92,12.74,12.82,1028415,12.8275
2017-02-20,12.82,12.9,12.48,12.52,1980817,12.68
2017-02-21,12.52,12.84,12.25,12.77,2738193,12.595
2017-02-22,12.77,12.9,12.62,12.69,1724079,12.745
2017-02-23,12.69,13.3,12.64,13.13,2869257,12.94
2017-02-24,13.13,13.29,12.72,13.11,3472766,13.0625
2017-02-25,13.11,13.78,12.97,13.57,3554709,13.3575
2017-02-26,13.57,14.65,13.37,14.59,4621619,14.044999999999998
2017-02-27,14.59,16.09,14.3,15.55,8252909,15.1325
2017-02-28,15.55,16.75,15.19,16.07,19857331,15.89
2017-03-01,16.07,17.65,15.68,17.549999,13731714,16.737499749999998
2017-03-02,17.549999,19.639999,16.58,19.08,19994584,18.2124995
2017-03-03,19.08,21.059999,17.809998999999994,19.48,24152328,19.3574995
2017-03-04,19.48,20.190001,18.559999,18.610001,7413157,19.21000025
2017-03-05,18.610001,19.4,18.1,19.219999,5782306,18.8325
2017-03-06,19.219999,20.299999,19.0,19.75,10247940,19.5674995
2017-03-07,19.75,19.809999,18.52,18.91,11143090,19.24749975
2017-03-08,18.91,18.93,16.51,16.540001,13176714,17.722500250000003
2017-03-09,16.540001,18.129999,15.94,17.709999,9124768,17.07999975
2017-03-10,17.709999,19.68,16.57,19.129999,25211751,18.2724995
2017-03-11,19.129999,21.639999,18.719999,21.450001,16305702,20.2349995
2017-03-12,21.450001,23.809999,21.200001,23.309999,18139890,22.442500000000006
2017-03-13,23.309999,31.040001,23.299999,28.450001,62404918,26.525
2017-03-14,28.450001,29.879999,26.91,28.58,20686242,28.455
2017-03-15,28.58,35.32,28.309999,35.18,41558801,31.84749975
2017-03-16,35.18,46.549999,34.759998,45.509998,110340100,40.49999875
2017-03-17,45.509998,54.880001,34.549999,44.48,126403905,44.8549995
2017-03-18,44.48,45.240002,30.629999,34.0,78375178,38.58750025
2017-03-19,34.0,45.549999,33.400002,43.119999,66179861,39.0175
2017-03-20,43.119999,45.509998,40.93,42.509998,36051939,43.01749875
2017-03-21,42.509998,43.799999,41.68,42.669998,20719388,42.66499875
2017-03-22,42.669998,42.939999,38.560001,41.650002,24709533,41.455
2017-03-23,41.650002,44.259998,40.59,43.200001,23891682,42.42500025
2017-03-24,43.200001,53.740002,42.77,53.189999,73808171,48.2250005
2017-03-25,53.189999,53.59,47.619999,50.619999,54975694,51.25499925
2017-03-26,50.619999,51.68,48.450001,50.630001,23147171,50.34500025
2017-03-26,50.630001,51.720001,48.330002,49.060001,24298571,49.93500125
2017-03-27,49.060001,50.549999,48.5,50.25,22561201,49.59
2017-03-28,50.25,53.970001,50.080002,53.07,38472526,51.84250075
2017-03-29,53.07,53.630001,51.360001,51.91,21489377,52.4925005
2017-03-30,51.91,52.220001,46.830002,49.91,37271970,50.21750075
2017-03-31,49.91,51.77,48.650002,50.599998,16332366,50.2325
2017-04-01,50.599998,51.150002,47.580002,48.549999,29315614,49.47000025
2017-04-02,48.549999,48.759998,42.490002,44.130001,44841678,45.9825
2017-04-03,44.130001,45.970001,41.279999,44.43,30705300,43.95250025
2017-04-04,44.43,47.490002,44.119999,44.900002,21702217,45.23500075000001
2017-04-05,44.900002,45.869999,40.990002,43.23,23956305,43.74750075
2017-04-06,43.23,44.580002,41.580002,42.310001,12658079,42.92500125
2017-04-07,42.310001,45.77,42.169998,44.369999,12638180,43.6549995
2017-04-08,44.369999,44.73,42.790001,43.720001,7984771,43.90250025
2017-04-09,43.720001,44.57,42.490002,43.740002,9252478,43.63000125000001
2017-04-10,43.740002,44.43,43.470001,43.740002,6477981,43.84500125
2017-04-11,43.740002,47.889999,43.259998,46.380001,22030599,45.3175
2017-04-12,46.380001,51.040001,46.139999,49.970001,28170249,48.3825005
2017-04-13,49.970001,50.099998,46.529999,47.32,15807873,48.4799995
2017-04-14,47.32,62.029999,46.889999,48.889999,10687561,51.28249925
2017-04-15,48.889999,49.23,47.540001,48.220001,4563693,48.47000025
2017-04-16,48.220001,48.529999,47.57,47.939999,8322156,48.06499975
2017-04-17,47.939999,50.25,47.75,49.880001,22065841,48.955
2017-04-18,49.880001,50.5,46.860001,47.880001,19057555,48.78000075
2017-04-19,47.880001,49.560001,47.509998,49.360001,15519870,48.57750025
2017-04-20,49.360001,49.459999,48.09,48.27,9824903,48.795
2017-04-21,48.27,48.939999,47.98,48.41,7451077,48.39999975
2017-04-22,48.41,48.919998,47.91,48.75,8709584,48.4974995
2017-04-23,48.75,50.41,48.720001,49.939999,12211894,49.455
2017-04-24,49.939999,50.610001,49.790001,50.09,8566119,50.10750025000001
2017-04-25,50.09,54.610001,50.009998,53.279999,28727738,51.997499499999996
2017-04-26,53.279999,63.419998,52.43,63.139999,45226868,58.067499
2017-04-27,63.139999,73.849998,62.080002,72.41999799999998,71238627,67.87249925
2017-04-28,72.41999799999998,74.029999,67.620003,69.83000200000001,38785700,70.97500050000001
2017-04-29,69.83000200000001,81.260002,69.279999,79.83000200000002,45723362,75.05000125000002
2017-04-30,79.83000200000002,83.870003,71.459999,77.529999,99260395,78.17250075000003
2017-05-01,77.529999,81.239998,74.639999,77.25,43090049,77.664999
2017-05-02,77.25,80.959999,75.400002,80.370003,38833085,78.495001
2017-05-03,80.370003,95.309998,79.339996,94.550003,84572615,87.3925
2017-05-04,94.550003,97.660004,87.110001,90.790001,72828175,92.52750225
2017-05-05,90.790001,95.599998,90.559998,94.82,30584898,92.94249925
2017-05-06,94.82,96.370003,62.740002,90.459999,45495746,86.097501
2017-05-07,90.459999,93.449997,80.93,88.389999,50131802,88.30749875
2017-05-08,88.389999,89.58000200000002,75.07,86.269997,63784971,84.8274995
2017-05-09,86.269997,91.32,84.989998,87.83000200000002,28478144,87.60249925
2017-05-10,87.83000200000002,90.550003,85.769997,88.199997,32402025,88.08749975
2017-05-11,88.199997,90.57,83.150002,85.150002,37700850,86.76750024999998
2017-05-12,85.150002,88.589996,81.809998,87.959999,18579547,85.87749875
2017-05-13,87.959999,89.699997,86.33000200000002,88.720001,14701160,88.17749975000002
2017-05-14,88.720001,94.300003,86.75,90.32,50259306,90.02250099999998
2017-05-15,90.32,92.18,85.68,87.800003,38782037,88.99500075
2017-05-16,87.800003,89.400002,81.989998,86.980003,39565758,86.5425015
2017-05-17,86.980003,96.099998,86.690002,95.879997,46394766,91.4125
2017-05-18,95.879997,129.470001,95.730003,124.379997,130687977,111.36499950000001
2017-05-19,124.379997,129.070007,120.610001,123.059998,63750018,124.28000075
2017-05-20,123.059998,148.600006,121.720001,148.0,110402028,135.34500125
2017-05-21,148.0,181.460007,133.380005,160.389999,274191653,155.80750275
2017-05-22,160.389999,176.03999299999995,155.059998,169.5,114242328,165.2474975
2017-05-23,169.5,201.149994,167.809998,193.029999,175438578,182.87249775
2017-05-24,193.029999,216.100006,160.860001,177.330002,238787495,186.830002
2017-05-25,177.330002,197.669998,141.559998,162.830002,180297613,169.8475
2017-05-26,162.830002,169.619995,114.169998,156.630005,220037050,150.8125
2017-05-27,156.509995,182.360001,156.509995,172.860001,127225150,167.059998
2017-05-28,172.860001,197.740005,165.360001,194.169998,117364507,182.53250125
2017-05-29,194.169998,232.080002,185.830002,228.580002,259513540,210.165001
2017-05-30,228.580002,233.919998,214.050003,228.639999,225740686,226.2975005
2017-05-31,228.639999,235.520004,208.0,220.699997,188744370,223.215
2017-06-01,220.699997,227.710007,216.940002,222.039993,89635792,221.84749975
2017-06-02,222.039993,226.410004,218.789993,224.300003,55938007,222.88499825
2017-06-03,224.300003,249.339996,223.880005,244.960007,123696111,235.62000275
2017-06-04,244.960007,248.619995,241.5,247.75,83061054,245.70750049999998
2017-06-05,247.75,268.119995,246.5,264.26001,189040588,256.65750125
2017-06-06,264.26001,264.799988,246.169998,255.770004,115588722,257.75
2017-06-07,255.770004,260.769989,250.889999,259.410004,90124852,256.70999900000004
2017-06-08,259.410004,279.140015,259.359985,279.109985,121471877,269.25499725000003
2017-06-09,279.109985,351.820007,278.790009,335.950012,286877358,311.41750325
2017-06-10,335.950012,351.209991,314.390015,339.679993,215135870,335.30750275
2017-06-11,339.679993,417.209991,311.98999,394.660004,549683393,365.8849945
2017-06-12,394.660004,399.5,359.700012,388.089996,260123720,385.487503
2017-06-13,388.089996,393.619995,317.230011,343.839996,348212541,360.6949995
2017-06-14,343.839996,351.940002,260.77999900000003,344.679993,602112721,325.3099975
2017-06-15,344.679993,360.839996,316.829987,353.609985,223997348,343.98999025
2017-06-16,353.609985,368.329987,342.850006,368.100006,134453789,358.222496
2017-06-17,368.100006,379.170013,341.290009,351.5299990000001,162855868,360.0225067500001
2017-06-18,351.5299990000001,361.5,348.660004,358.200012,106180717,354.9725037500001
2017-06-19,358.200012,365.220001,323.690002,350.5299990000001,201343473,349.4100035
2017-06-20,350.5299990000001,352.829987,138.5,325.299988,305462617,291.7899935000001
2017-06-21,325.299988,333.399994,308.209991,320.970001,155828144,321.9699935
2017-06-22,320.970001,331.5299990000001,319.619995,326.850006,78597250,324.7425002500001
2017-06-23,326.850006,330.2799990000001,298.730011,304.540009,114491120,315.10000625
2017-06-24,304.540009,309.980011,253.300003,279.359985,222961091,286.7950019999999
2017-06-25,279.359985,293.549988,209.550003,253.679993,444174618,259.03499225
2017-06-26,253.679993,286.640015,211.470001,286.140015,346738914,259.482506
2017-06-27,286.140015,323.869995,260.890015,315.859985,366875067,296.6900025
2017-06-28,315.859985,322.2799990000001,285.890015,292.899994,249819374,304.23249825000005
2017-06-29,292.899994,305.299988,270.429993,280.679993,205409173,287.327492
2017-06-30,280.679993,281.809998,253.179993,261.0,214127111,269.16749599999997
2017-07-01,261.0,293.299988,254.190002,283.98999,189730463,273.119995
2017-07-02,283.98999,284.309998,272.640015,276.410004,139887958,279.33750175
2017-07-03,276.410004,282.320007,265.209991,269.049988,141480666,273.2474975
2017-07-04,269.049988,274.02999900000003,253.699997,266.0,162838117,265.69499600000006
2017-07-05,266.0,274.549988,261.570007,265.880005,106470793,267.0
2017-07-06,265.880005,266.25,236.160004,240.940002,171183446,252.30750275000003
2017-07-07,240.940002,248.350006,230.960007,245.669998,139823006,241.48000325
2017-07-08,245.669998,251.789993,236.589996,237.720001,76538488,242.94249700000003
2017-07-09,237.720001,240.089996,188.210007,205.759995,274808713,217.94499975
2017-07-10,205.759995,216.160004,175.21000700000005,190.550003,368656185,196.92000225000004
2017-07-11,190.550003,227.059998,181.619995,224.149994,289483936,205.8449975
2017-07-12,224.149994,226.660004,193.199997,205.410004,196303864,212.35499975
2017-07-13,205.410004,207.070007,182.619995,197.139999,181470096,198.06000125
2017-07-14,197.139999,198.710007,168.949997,169.100006,176484014,183.47500225
2017-07-15,169.100006,171.910004,132.639999,155.419998,374176884,157.26750175
2017-07-16,155.419998,190.259995,154.25,189.970001,352420261,172.4749985
2017-07-17,189.970001,256.890015,177.419998,227.089996,642203465,212.8425025
2017-07-18,227.089996,244.020004,187.210007,194.410004,576048989,213.18250275000003
2017-07-19,194.410004,235.860001,194.410004,226.330002,504434488,212.75250275
2017-07-20,226.330002,236.619995,209.460007,216.330002,233383296,222.18500150000003
2017-07-21,216.330002,236.550003,215.300003,230.470001,151128752,224.66250225
2017-07-22,230.470001,234.169998,220.300003,228.320007,128301932,228.31500225
2017-07-23,228.320007,229.559998,224.039993,225.479996,90165893,226.8499985
2017-07-24,225.479996,225.979996,192.639999,203.589996,285374761,211.92249675
2017-07-25,203.589996,209.289993,193.100006,202.880005,161659275,202.215
2017-07-26,202.880005,205.679993,198.929993,202.929993,102009361,202.604996
2017-07-27,202.929993,203.929993,189.770004,191.210007,123425467,196.95999925
2017-07-28,191.210007,209.570007,177.690002,206.139999,192325102,196.15250375
2017-07-29,206.139999,209.880005,194.119995,196.779999,110586575,201.72999950000002
2017-07-30,196.779999,201.779999,190.529999,201.330002,103641349,197.60499975
2017-07-31,201.330002,232.550003,201.270004,225.899994,314260050,215.26250075
2017-08-01,225.899994,228.979996,215.710007,218.119995,122967812,222.17749799999999
2017-08-02,218.119995,228.080002,217.839996,224.389999,93201219,222.107498
2017-08-03,224.389999,227.449997,219.729996,220.600006,87804496,223.0424995
2017-08-04,220.600006,258.470001,219.720001,253.089996,251531536,237.970001
2017-08-05,253.089996,272.220001,251.789993,264.559998,219315844,260.414997
2017-08-06,264.559998,274.390015,257.410004,269.940002,158590573,266.57500475
2017-08-07,269.940002,299.549988,266.940002,296.51001,229459233,283.2350005
2017-08-08,296.51001,314.75,279.100006,295.2799990000001,439031586,296.41000375
2017-08-09,295.23999,310.179993,289.220001,298.2799990000001,173781086,298.22999575
2017-08-10,298.2799990000001,310.359985,295.940002,309.320007,146799311,303.47499825
2017-08-11,309.320007,319.140015,303.709991,308.019989,198463746,310.0475005
2017-08-12,308.019989,308.869995,288.040009,296.619995,209757139,300.387497
2017-08-13,296.619995,306.299988,294.73999,299.160004,138516552,299.20499425
2017-08-14,299.160004,299.709991,271.380005,286.519989,209502360,289.19249725
2017-08-15,286.519989,303.290009,280.660004,301.380005,143590085,292.96250175
2017-08-16,301.380005,310.429993,298.190002,300.299988,141776697,302.574997
2017-08-17,300.299988,306.519989,287.170013,292.619995,155333057,296.65249625
2017-08-18,292.619995,298.790009,283.649994,293.019989,133331931,292.01999675
2017-08-19,293.019989,298.7799990000001,288.480011,298.200012,86214711,294.62000275
2017-08-20,298.200012,345.440002,294.929993,321.850006,371320147,315.10500325
2017-08-21,321.850006,329.390015,293.089996,313.369995,255666010,314.425003
2017-08-22,313.369995,325.100006,313.160004,317.399994,136793702,317.25749975
2017-08-23,317.399994,328.649994,315.940002,325.2799990000001,113467892,321.8174972500001
2017-08-24,325.2799990000001,337.23999,324.690002,330.059998,142040413,329.31749725
2017-08-25,330.059998,334.700012,325.899994,332.859985,70828266,330.87999725
2017-08-26,332.859985,347.920013,332.799988,347.880005,113661914,340.36499775
2017-08-27,347.880005,350.5,335.410004,347.660004,155518324,345.3625032500001
2017-08-28,347.660004,375.179993,347.23999,372.350006,245077133,360.60749825000005
2017-08-29,372.350006,390.640015,367.410004,383.859985,247280361,378.56500250000005
2017-08-30,383.859985,389.640015,380.890015,388.329987,129260777,385.6800005
2017-08-31,388.329987,395.299988,386.709991,391.420013,192664622,390.43999475
2017-09-01,391.420013,392.040009,328.869995,351.0299990000001,392672123,365.840004
2017-09-02,351.0299990000001,370.5,336.369995,352.450012,220213614,352.5875015000001
2017-09-03,352.450012,352.450012,279.950012,303.700012,518097340,322.137512
2017-09-04,303.700012,324.369995,275.970001,317.940002,285969365,305.4950025
2017-09-05,317.940002,341.769989,317.820007,338.920013,207751167,329.11250275
2017-09-06,338.920013,338.920013,323.359985,335.369995,145609934,334.14250150000004
2017-09-07,335.369995,335.390015,293.119995,306.720001,307973324,317.65000150000003
2017-09-08,306.720001,309.070007,293.709991,303.790009,127930167,303.322502
2017-09-09,303.790009,305.76001,280.700012,299.209991,179819553,297.3650055
2017-09-10,299.209991,308.299988,288.600006,297.950012,149130023,298.51499925
2017-09-11,297.950012,316.380005,285.75,294.100006,212949898,298.54500575
2017-09-12,294.100006,294.390015,257.160004,275.839996,328829086,280.37250525
2017-09-13,275.839996,280.649994,222.059998,223.139999,448360655,250.42249675
2017-09-14,223.139999,267.700012,200.75,259.570007,601118554,237.79000449999998
2017-09-15,259.570007,272.429993,245.740005,254.490005,213735353,258.0575025
2017-09-16,254.490005,265.77999900000003,239.979996,258.399994,129073620,254.6624985
2017-09-17,258.399994,300.690002,258.359985,297.5299990000001,316944028,278.744995
2017-09-18,297.5299990000001,299.910004,275.940002,283.0,211173075,289.09500125
2017-09-19,283.0,293.73999,277.720001,283.559998,119360306,284.50499725
2017-09-20,283.559998,287.130005,252.220001,257.769989,213821119,270.16999824999994
2017-09-21,257.769989,270.73999,254.27999900000003,262.940002,128332019,261.432495
2017-09-22,262.940002,286.720001,259.579987,286.140015,111790766,273.84500125
2017-09-23,286.140015,294.540009,276.25,282.600006,129812958,284.88250750000003
2017-09-24,282.600006,297.01001,282.480011,294.890015,125825077,289.2450105000001
2017-09-25,294.890015,295.890015,287.01001,288.640015,77729398,291.60751375
2017-09-26,288.640015,312.640015,287.829987,309.970001,155862803,299.7700045
2017-09-27,309.970001,310.23999,298.179993,302.769989,116142194,305.2899932499999
2017-09-28,302.769989,303.540009,279.790009,292.579987,189289895,294.66999849999996
2017-09-29,292.579987,305.910004,292.320007,302.769989,82819424,298.39499675
2017-09-30,302.769989,304.790009,295.440002,303.950012,66161942,301.737503
2017-10-01,303.950012,304.130005,293.339996,296.809998,87144370,299.55750275
2017-10-02,296.809998,299.920013,286.859985,291.809998,88276884,293.8499985
2017-10-03,291.809998,295.570007,288.559998,291.679993,67580849,291.90499900000003
2017-10-04,291.679993,297.470001,286.730011,294.98999,59328523,292.71749875
2017-10-05,294.98999,309.0,293.75,308.329987,80140194,301.51749425
2017-10-06,308.329987,314.119995,304.630005,311.26001,83321062,309.58499925
2017-10-07,311.26001,313.519989,308.130005,309.48999,67801593,310.59999849999997
2017-10-08,309.48999,310.140015,286.519989,296.950012,140753204,300.7750015000001
2017-10-09,296.950012,305.950012,292.2799990000001,298.459991,80475858,298.4100035
2017-10-10,298.459991,305.119995,297.179993,302.859985,67246675,300.904991
2017-10-11,302.859985,308.769989,301.649994,302.890015,130357482,304.04249575
2017-10-12,302.890015,347.700012,298.290009,336.829987,325130767,321.42750575
2017-10-13,336.829987,347.140015,333.829987,338.809998,118217861,339.15249675
2017-10-14,338.809998,341.929993,318.350006,336.579987,154046243,333.91749599999997
2017-10-15,336.579987,352.390015,332.899994,334.230011,170532984,339.02500175
2017-10-16,334.230011,334.420013,310.570007,316.140015,133468389,323.8400115
2017-10-17,316.140015,316.339996,287.950012,313.540009,164595270,308.492508
2017-10-18,313.540009,316.380005,304.630005,307.410004,92233614,310.49000575
2017-10-19,307.410004,312.109985,301.859985,303.079987,91295399,306.11499025
2017-10-20,303.079987,303.089996,290.920013,299.549988,91321527,299.159996
2017-10-21,299.549988,305.890015,290.690002,294.0299990000001,67955886,297.54000099999996
2017-10-22,294.0299990000001,294.25,274.959991,285.269989,121924456,287.12749475
2017-10-23,285.269989,311.230011,280.01001,296.5,165128705,293.2525025
2017-10-24,296.5,300.359985,289.459991,296.350006,72454123,295.66749550000003
2017-10-25,296.350006,299.369995,292.700012,295.540009,47625722,295.9900055
2017-10-26,295.540009,298.899994,292.23999,296.359985,45180916,295.7599945
2017-10-27,296.369995,297.049988,291.109985,293.350006,41932396,294.4699935
2017-10-28,293.329987,311.299988,292.059998,304.040009,107293933,300.1824955
2017-10-30,304.040009,311.940002,303.579987,306.799988,57189166,306.5899965
2017-10-31,306.799988,310.859985,303.399994,303.640015,65784953,306.1749955
2017-11-01,303.630005,304.769989,288.5,289.420013,121046164,296.58000175
2017-11-02,289.420013,293.0299990000001,276.890015,284.920013,200255173,286.06501000000003
2017-11-03,284.920013,307.140015,284.850006,304.51001,144510264,295.355011
2017-11-04,304.51001,304.649994,294.049988,300.040009,82749431,300.81250025
2017-11-05,300.0,300.649994,294.059998,296.230011,63667315,297.7350007500001
2017-11-06,296.220001,306.799988,292.26001,296.820007,112601694,298.02500150000003
2017-11-07,296.820007,303.76001,287.450012,291.839996,155572238,294.96750625
2017-11-08,291.839996,319.200012,290.549988,307.350006,245218193,302.2350005
2017-11-09,307.350006,329.209991,305.839996,319.660004,207473774,315.51499925
2017-11-10,319.670013,324.220001,288.959991,296.859985,242321395,307.4274975
2017-11-11,296.859985,320.049988,296.26001,314.230011,163117794,306.8499985
2017-11-12,314.230011,317.220001,297.480011,306.019989,269198764,308.737503
2017-11-13,306.019989,318.579987,305.350006,314.600006,174789178,311.137497
2017-11-14,314.600006,337.149994,314.450012,334.720001,256426287,325.23000325
2017-11-15,334.720001,345.179993,324.880005,331.200012,171713343,333.99500275
2017-11-16,331.200012,334.850006,321.899994,330.320007,157426941,329.56750475
2017-11-17,330.320007,334.549988,325.829987,331.720001,124992568,330.60499575
2017-11-18,331.720001,349.459991,326.829987,346.649994,141724984,338.6649932499999
2017-11-19,346.649994,371.320007,343.890015,354.600006,225946121,354.11500549999994
2017-11-20,354.670013,372.820007,354.2799990000001,367.709991,167626773,362.3700025
2017-11-21,367.709991,372.869995,351.410004,360.519989,251898109,363.12749475
2017-11-22,360.519989,381.609985,359.970001,380.839996,164317320,370.73499275
2017-11-23,380.829987,424.920013,375.440002,406.570007,414164352,396.94000225
2017-11-24,406.51001,478.380005,400.179993,470.429993,394452948,438.87500025
2017-11-25,470.39999400000005,483.380005,457.410004,464.609985,301212841,468.94999700000005
2017-11-26,464.549988,471.5,451.119995,470.540009,172973289,464.42749800000007
2017-11-27,470.450012,489.429993,462.470001,475.23999,319587125,474.39749900000004
2017-11-28,475.200012,478.459991,459.910004,466.269989,258005286,469.95999900000004
2017-11-29,466.23999,515.4400019999998,409.350006,427.420013,619578824,454.61250275
2017-11-30,427.299988,460.80999800000006,396.140015,434.850006,438013592,429.77500175
2017-12-01,435.30999800000006,467.220001,416.769989,461.579987,259931075,445.21999375000007
2017-12-02,461.579987,471.39001500000006,449.690002,457.959991,214732551,460.15499875
2017-12-03,457.959991,481.55999800000006,445.570007,462.80999800000006,237918665,461.97499850000014
2017-12-04,462.920013,472.160004,446.64001500000006,466.929993,189877684,462.16250625
2017-12-05,466.929993,467.839996,451.470001,453.959991,227246572,460.04999525
2017-12-06,453.959991,456.869995,413.130005,422.4800110000001,470223347,436.6100005
2017-12-07,422.39001500000006,434.850006,404.160004,421.14999400000005,416652301,420.63750475000006
2017-12-08,420.76001,461.100006,410.329987,451.73999,479837604,435.98249825
2017-12-09,451.779999,507.359985,448.089996,472.859985,522718280,470.02249124999986
2017-12-10,472.30999800000006,472.779999,428.299988,436.48999,307733091,452.46999375
2017-12-11,436.540009,519.349976,436.01001,513.289978,359245523,476.29749325
2017-12-12,513.3599849999998,678.25,499.570007,656.52002,997267993,586.9250030000002
2017-12-13,656.52002,755.070007,593.8900150000002,699.090027,1324617349,676.1425172500002
2017-12-14,699.090027,751.679993,662.289978,693.580017,806129945,701.66000375
2017-12-15,693.580017,696.8900150000002,614.330017,684.27002,633348317,672.2675172500002
2017-12-16,684.090027,718.369995,678.52002,692.830017,378863163,693.4525147500002
2017-12-17,692.320007,732.450012,691.950012,717.710022,381124251,708.60751325
2017-12-18,717.72998,799.369995,679.799988,785.98999,752383737,745.72248825
2017-12-19,786.169983,868.8900150000002,767.590027,812.5,1094688835,808.78750625
2017-12-20,812.5,830.200012,713.75,799.169983,889990388,788.90499875
2017-12-21,799.169983,840.5499880000001,759.650024,789.3900150000002,725479885,797.1900025
2017-12-22,789.3900150000002,794.159973,490.279999,657.830017,1535685091,682.9150010000002
2017-12-23,657.8099980000002,747.530029,651.099976,700.4400019999998,468771914,689.22000125
2017-12-24,700.4400019999998,701.070007,597.119995,675.909973,477777689,668.6349942500002
2017-12-25,676.080017,747.3599849999998,671.710022,723.1400150000002,382873119,704.5725097499999
2017-12-26,723.1400150000002,756.030029,722.22998,753.400024,293691001,738.700012
2017-12-27,753.4400019999998,766.530029,706.669983,739.9400019999998,352542483,741.6450039999999
2017-12-28,739.929993,741.460022,671.22998,716.6900019999998,437323299,717.32749925
2017-12-29,716.6900019999998,755.200012,710.200012,739.599976,392497843,730.4225005
2017-12-30,739.599976,741.669983,663.880005,692.98999,455555629,709.5349884999999
2017-12-31,692.98999,746.619995,686.4400019999998,741.130005,259822610,716.7949980000001
2018-01-01,741.090027,765.299988,724.330017,756.200012,256171569,746.7300110000001
2018-01-02,756.169983,882.6099849999998,756.169983,861.9699710000001,949013949,814.2299804999999
2018-01-03,861.9699710000001,951.700012,847.900024,941.099976,778108786,900.6674957500002
2018-01-04,941.0,997.440002,901.030029,944.830017,780050914,946.0750119999999
2018-01-05,944.830017,1018.369995,933.97998,967.130005,808280779,966.07749925
2018-01-06,967.130005,1010.169983,958.289978,1006.409973,381555969,985.49998475
2018-01-07,1006.409973,1117.839966,1003.210022,1117.75,602250144,1061.30249025
2018-01-08,1117.75,1228.25,967.840027,1136.109985,1292737991,1112.4875029999998
2018-01-09,1136.109985,1300.300049,1133.699951,1289.23999,986697724,1214.83749375
2018-01-10,1289.23999,1385.219971,1210.849976,1248.98999,1445484601,1283.57498175
2018-01-11,1248.959961,1333.920044,1100.849976,1139.319946,1270849838,1205.76248175
2018-01-12,1139.319946,1287.060059,1087.609985,1261.030029,704750432,1193.75500475
2018-01-13,1261.060059,1422.859985,1261.01001,1385.02002,744906594,1332.4875185
2018-01-14,1385.02002,1389.319946,1267.47998,1359.47998,610496132,1350.3249815
2018-01-15,1359.380005,1381.349976,1271.069946,1278.689941,537797572,1322.622467
2018-01-16,1278.699951,1282.27002,864.2299800000002,1050.26001,1931700742,1118.86499025
2018-01-17,1050.26001,1115.660034,764.75,1024.689941,2034010888,988.83999625
2018-01-18,1024.900024,1093.900024,949.559998,1012.969971,1117430433,1020.33250425
2018-01-19,1012.969971,1083.619995,982.619995,1037.359985,517599347,1029.1424865000001
2018-01-20,1037.359985,1164.619995,1036.819946,1150.5,545646401,1097.3249815
2018-01-21,1150.5,1150.569946,1008.059998,1049.089966,543760385,1089.5549775
2018-01-22,1049.089966,1084.280029,917.0,999.640015,676845706,1012.5025025
2018-01-23,999.75,1020.659973,908.309998,984.469971,660805261,978.2974855
2018-01-24,984.47998,1062.599976,956.969971,1061.780029,521553676,1016.457489
2018-01-25,1061.609985,1102.420044,1022.200012,1046.369995,568607934,1058.150009
2018-01-26,1046.369995,1075.589966,987.130005,1048.579956,509049582,1039.4174805
2018-01-27,1048.579956,1121.900024,1033.859985,1109.079956,395059716,1078.3549802500004
2018-01-28,1109.079956,1240.469971,1101.619995,1231.579956,662174309,1170.6874695
2018-01-29,1231.569946,1240.319946,1151.530029,1169.959961,515965244,1198.3449705
2018-01-30,1169.939941,1173.180054,1034.719971,1063.75,835962532,1110.3974915
2018-01-31,1063.77002,1122.97998,1020.77002,1111.310059,550605628,1079.7075197499996
2018-02-01,1111.290039,1155.579956,954.75,1026.189941,1033001644,1061.952484
2018-02-02,1026.189941,1027.660034,746.669983,917.469971,1606436956,929.49748225
2018-02-03,917.469971,997.599976,845.179993,970.869995,552868551,932.77998375
2018-02-04,970.869995,971.049988,781.3599849999998,827.590027,666593264,887.71749875
2018-02-05,826.340027,857.820007,629.080017,695.080017,1272929187,752.080017
2018-02-06,695.049988,801.72998,564.1900019999998,785.01001,1556542861,711.4949949999999
2018-02-07,785.159973,858.2800289999999,718.280029,751.8099980000002,895500139,778.38250725
2018-02-08,751.8599849999998,844.8599849999998,750.02002,813.549988,510550202,790.0724945000001
2018-02-09,813.549988,880.2199710000001,781.5,877.8800050000001,469210004,838.287491
2018-02-10,877.659973,909.320007,816.090027,850.75,451412405,863.4550017500002
2018-02-11,850.98999,853.73999,780.130005,811.23999,308313754,824.02499375
2018-02-12,811.169983,874.849976,811.090027,865.2700199999998,300521830,840.5950015000001
2018-02-13,865.2800289999999,867.599976,823.77002,840.9799800000002,256092877,849.40750125
2018-02-14,840.98999,922.369995,840.8699949999999,920.109985,470132510,881.08499125
2018-02-15,920.109985,947.530029,905.650024,927.950012,454133646,925.3100125
2018-02-16,927.950012,945.359985,909.409973,938.02002,282763877,930.1849975
2018-02-17,937.919983,974.830017,934.950012,974.77002,276682460,955.617508
2018-02-18,974.780029,981.47998,905.960022,913.900024,375068724,944.03001375
2018-02-19,913.900024,955.619995,911.599976,939.789978,218921662,930.22749325
2018-02-20,939.789978,958.859985,877.2800289999999,885.5200199999998,344672330,915.362503
2018-02-21,885.5200199999998,906.559998,818.119995,840.099976,445950029,862.57499725
2018-02-22,840.1900019999998,871.320007,788.919983,804.630005,362800754,826.2649992500002
2018-02-23,804.6099849999998,882.419983,787.969971,854.7000119999999,340134173,832.4249877499999
2018-02-24,854.7000119999999,874.7199710000001,810.6400150000002,833.48999,255866976,843.387497
2018-02-25,833.48999,849.5200199999998,818.549988,840.2800289999999,171228507,835.4600067499998
2018-02-26,840.2800289999999,880.1199949999999,834.0599980000002,867.6199949999999,247282448,855.5200042499998
2018-02-27,867.6199949999999,894.919983,861.7199710000001,871.580017,201082786,873.9599914999999
2018-02-28,871.590027,887.51001,850.580017,851.5,195669597,865.2950135
2018-03-01,851.5,880.2100220000002,846.7199710000001,869.8699949999999,182033011,862.074997
2018-03-02,869.840027,876.5599980000002,849.98999,855.599976,135957233,862.99749775
2018-03-03,855.599976,867.4400019999998,852.8599849999998,855.650024,94471138,857.88749675
2018-03-04,855.650024,867.340027,838.3599849999998,864.830017,99578403,856.54501325
2018-03-05,864.919983,868.7999880000001,849.2800289999999,849.419983,127303467,858.10499575
2018-03-06,849.570007,851.0399779999998,803.650024,815.6900019999998,195875620,829.98750275
2018-03-07,815.650024,825.320007,726.380005,751.130005,354361800,779.62001025
2018-03-08,751.130005,772.51001,688.840027,698.830017,289838564,727.8275147500002
2018-03-09,698.830017,730.460022,642.0599980000002,726.919983,409323870,699.567505
2018-03-10,726.76001,747.820007,678.650024,682.299988,203802606,708.8825072499999
2018-03-11,682.299988,735.01001,663.580017,720.3599849999998,206098889,700.3125
2018-03-12,720.369995,739.869995,678.130005,697.02002,208107856,708.84750375
2018-03-13,697.0,714.1900019999998,679.1900019999998,689.960022,194913670,695.0850065000001
2018-03-14,689.960022,703.380005,586.700012,613.150024,325415119,648.29751575
2018-03-15,613.150024,620.429993,572.1099849999998,610.5599980000002,342311699,604.0625
2018-03-16,610.659973,626.130005,585.159973,600.530029,221082941,605.619995
2018-03-17,600.530029,609.9400019999998,543.280029,549.789978,208843294,575.8850095
2018-03-18,549.789978,559.929993,454.179993,537.380005,719812876,525.31999225
2018-03-19,537.380005,559.070007,515.840027,555.549988,418500605,541.96000675
2018-03-20,555.549988,567.0,516.780029,557.570007,331343470,549.225006
2018-03-21,557.570007,590.200012,545.47998,559.909973,277714049,563.2899930000002
2018-03-22,559.909973,578.01001,516.219971,539.8900150000002,233985932,548.50749225
2018-03-23,539.8900150000002,543.840027,506.790009,543.830017,225200086,533.587517
2018-03-24,543.840027,546.01001,519.51001,520.159973,129350391,532.380005
2018-03-25,520.169983,535.77002,513.630005,523.01001,111462284,523.1450045
2018-03-25,522.969971,526.200012,467.4800110000001,486.25,278656813,500.7249985
2018-03-26,486.14001500000006,491.920013,446.420013,448.779999,328179170,468.31501
2018-03-27,448.779999,465.200012,440.350006,445.929993,187271233,450.06500250000005
2018-03-28,445.929993,448.5,380.350006,383.899994,472575968,414.66999825
2018-03-29,383.959991,411.170013,364.98999,393.820007,450253373,388.48500025
2018-03-30,393.829987,421.049988,389.98999,394.070007,243062846,399.734993
2018-03-31,394.070007,399.589996,359.220001,378.850006,236013242,382.9325025
2018-04-01,378.850006,394.119995,375.799988,384.679993,156793473,383.3624955
2018-04-02,384.679993,426.839996,380.709991,415.929993,223508235,402.03999325
2018-04-03,415.929993,417.109985,370.660004,378.649994,223170178,395.587494
2018-04-04,378.649994,387.559998,367.149994,381.359985,160332018,378.67999275
2018-04-05,381.429993,385.779999,363.51001,370.350006,133748822,375.267502
2018-04-06,370.350006,397.100006,369.660004,384.980011,108165642,380.5225067500001
2018-04-07,384.980011,404.220001,384.980011,400.720001,107956653,393.725006
2018-04-08,400.720001,431.2300110000001,387.980011,399.019989,271803047,404.737503
2018-04-09,399.019989,418.269989,391.839996,415.649994,129335600,406.194992
2018-04-10,415.649994,433.440002,410.970001,430.420013,167561896,422.6200025
2018-04-11,430.39001500000006,498.079987,414.029999,493.950012,450834363,459.11250325
2018-04-12,493.950012,528.950012,482.100006,494.959991,470945268,499.99000525
2018-04-13,494.959991,514.659973,487.720001,502.790009,191073028,500.0324935
2018-04-14,502.790009,534.3099980000002,502.790009,534.150024,243926045,518.51001
2018-04-15,534.159973,537.47998,499.170013,511.670013,249996040,520.6199947499998
2018-04-16,511.670013,522.070007,500.4800110000001,503.029999,195195626,509.3125075
2018-04-17,503.029999,526.6099849999998,501.700012,525.780029,178681435,514.28000625
2018-04-18,525.780029,570.179993,521.830017,567.25,267530654,546.26000975
2018-04-19,567.25,622.1400150000002,557.97998,617.159973,410498449,591.132492
2018-04-20,617.169983,625.150024,576.090027,605.169983,294264369,605.89500425
2018-04-21,605.169983,644.289978,591.8099980000002,621.330017,270504773,615.6499940000001
2018-04-22,621.330017,648.409973,619.570007,644.130005,238556831,633.3600005000002
2018-04-23,644.130005,711.6400150000002,644.0599980000002,703.349976,538337384,675.7949985
2018-04-24,703.400024,703.900024,592.590027,617.72998,903686072,654.40501375
2018-04-25,617.619995,665.969971,600.349976,661.450012,387845424,636.3474884999999
2018-04-26,661.409973,686.049988,640.73999,643.330017,323944620,657.882492
2018-04-27,643.119995,693.469971,640.090027,683.02002,238423753,664.92500325
2018-04-28,683.02002,698.950012,665.280029,689.3099980000002,216606354,684.1400147500002
2018-04-29,689.3099980000002,693.630005,663.280029,670.039978,248315675,679.0650025
2018-04-30,670.039978,674.619995,628.289978,670.8099980000002,355270695,660.9399872500002
2018-05-01,670.8099980000002,690.8599849999998,662.130005,686.73999,255558720,677.6349945000001
2018-05-02,686.73999,787.570007,685.919983,777.619995,588164727,734.46249375
2018-05-03,777.780029,804.630005,759.669983,784.210022,427563922,781.5725097500001
2018-05-04,784.1900019999998,827.4400019999998,780.080017,816.580017,315600160,802.0725095
2018-05-05,816.590027,834.299988,753.51001,790.3900150000002,374541870,798.69751
2018-05-06,790.3900150000002,794.8599849999998,690.909973,752.400024,828032480,757.13999925
2018-05-07,752.3900150000002,775.380005,720.3599849999998,747.789978,380893335,748.97999575
2018-05-08,747.789978,759.909973,709.780029,751.27002,341691727,742.1875
2018-05-09,751.27002,767.219971,722.650024,723.6099849999998,287536989,741.1875
2018-05-10,723.630005,735.969971,665.48999,677.799988,518848404,700.7224884999999
2018-05-11,677.799988,690.880005,638.469971,683.6400150000002,324590855,672.69749475
2018-05-12,683.6400150000002,740.02002,669.960022,729.340027,274037817,705.7400210000002
2018-05-13,729.340027,741.820007,685.75,727.409973,453297981,721.0800017500002
2018-05-14,727.409973,738.530029,695.299988,705.6400150000002,287313625,716.72000125
2018-05-15,705.6400150000002,710.26001,676.599976,706.719971,251185347,699.804993
2018-05-16,706.710022,718.3099980000002,661.8099980000002,668.380005,244822300,688.80250575
2018-05-17,668.409973,694.349976,657.700012,693.570007,238310952,678.507492
2018-05-18,693.570007,716.8599849999998,683.0,696.049988,161222563,697.369995
2018-05-19,696.049988,722.710022,687.8599849999998,715.150024,165135550,705.44250475
2018-05-20,715.150024,718.700012,687.0599980000002,696.72998,144560339,704.4100035
2018-05-21,696.72998,698.460022,638.349976,640.840027,287275714,668.59500125
2018-05-22,641.119995,649.590027,564.320007,577.01001,549177930,608.01000975
2018-05-23,577.01001,609.0,544.1900019999998,602.590027,426679791,583.1975097499999
2018-05-24,602.659973,615.919983,568.650024,584.77002,281427114,593.0
2018-05-25,584.77002,607.8099980000002,578.429993,585.76001,146794781,589.1925052500002
2018-05-26,585.76001,590.880005,555.200012,569.6400150000002,223422108,575.3700105
2018-05-27,569.6400150000002,574.52002,500.80999800000006,512.030029,387811928,539.2500155
2018-05-28,512.030029,572.469971,510.910004,566.590027,348565933,540.50000775
2018-05-29,566.700012,585.22998,542.080017,557.119995,254739325,562.7825009999998
2018-05-30,557.119995,585.919983,553.419983,577.22998,236501539,568.42248525
2018-05-31,577.22998,589.26001,564.460022,579.01001,202265552,577.4900054999999
2018-06-01,579.01001,599.530029,574.3599849999998,590.530029,171480785,585.85751325
2018-06-02,590.530029,628.0599980000002,590.299988,619.039978,157840093,606.98249825
2018-06-03,619.030029,625.950012,580.070007,591.3099980000002,201486274,604.0900115000002
2018-06-04,591.3099980000002,612.98999,576.469971,608.22998,193989055,597.2499847500002
2018-06-05,608.200012,611.669983,593.099976,606.299988,158835369,604.81748975
2018-06-06,606.299988,616.0,598.599976,604.4400019999998,170556871,606.3349915
2018-06-07,604.4400019999998,607.77002,592.840027,599.549988,118164433,601.15000925
2018-06-08,599.549988,609.1099849999998,591.719971,593.380005,85198699,598.43998725
2018-06-09,593.349976,593.349976,501.679993,524.73999,345313063,553.2799837499998
2018-06-10,524.72998,535.789978,509.820007,531.150024,264673809,525.3724972499998
2018-06-11,531.150024,539.340027,484.700012,494.529999,279956302,512.4300155000001
2018-06-12,494.529999,501.670013,450.049988,476.299988,357167683,480.637497
2018-06-13,476.299988,526.6400150000002,460.01001,519.830017,440112742,495.6950075
2018-06-14,519.830017,521.179993,483.019989,487.51001,255304825,502.88500225
2018-06-15,487.51001,503.279999,483.98999,497.220001,119611543,493.0
2018-06-16,497.220001,507.48999,494.01001,496.73999,105737440,498.86499775
2018-06-17,496.839996,524.650024,487.720001,517.630005,172442291,506.7100065
2018-06-18,517.630005,547.9400019999998,515.02002,538.450012,197307560,529.7600097499999
2018-06-19,538.450012,541.799988,517.150024,536.159973,176897556,533.3899992500002
2018-06-20,536.159973,544.679993,521.919983,525.77002,135522218,532.13249225
2018-06-21,525.73999,525.840027,450.040009,462.160004,364779786,490.9450075
2018-06-22,462.160004,481.05999800000006,456.23999,474.179993,139553623,468.40999625
2018-06-23,474.179993,476.190002,421.01001,455.25,315576348,456.65750125
2018-06-24,455.25,473.269989,445.529999,458.820007,212246797,458.21749875
2018-06-25,458.80999800000006,461.179993,429.380005,429.579987,204035202,444.73749575
2018-06-26,429.89001500000006,446.119995,419.839996,441.75,182343321,434.4000015
2018-06-27,441.75,443.51001,417.619995,420.720001,149788331,430.9000015
2018-06-28,420.700012,441.869995,405.01001,435.25,227564744,425.70750425
2018-06-29,435.26001,462.55999800000006,435.160004,453.420013,168467579,446.60000625
2018-06-30,453.410004,456.470001,444.779999,451.950012,100452349,451.652504
2018-07-01,451.959991,481.829987,444.30999800000006,476.579987,195332556,463.66999075
2018-07-02,476.579987,486.76001,459.779999,461.950012,182372293,471.267502
2018-07-03,461.790009,481.790009,451.459991,467.190002,163295006,465.55750275
2018-07-04,467.190002,478.440002,458.369995,467.549988,182403445,467.88749675
2018-07-05,467.549988,475.670013,451.950012,469.929993,139284675,466.2750015
2018-07-06,469.929993,489.329987,461.850006,485.80999800000006,119595512,476.72999599999997
2018-07-07,485.820007,495.2300110000001,482.2300110000001,486.190002,133102164,487.36750775000013
2018-07-08,486.190002,487.910004,469.0,471.4800110000001,137591337,478.64500425
2018-07-09,471.4800110000001,473.05999800000006,427.820007,432.690002,250532493,451.2625045
2018-07-10,432.690002,447.089996,425.130005,445.589996,141230265,437.62499975
2018-07-11,445.589996,446.130005,418.019989,430.910004,146794442,435.1624985
2018-07-12,430.910004,442.029999,424.970001,432.459991,124229013,432.59249875
2018-07-13,432.459991,439.630005,428.30999800000006,433.73999,84564526,433.534996
2018-07-14,433.73999,454.679993,431.450012,449.619995,104635389,442.37249749999995
2018-07-15,449.619995,480.209991,444.799988,478.75,203769275,463.3449935
2018-07-16,478.80999800000006,511.339996,465.570007,499.05999800000006,249043123,488.69499975000014
2018-07-17,499.05999800000006,515.1400150000002,469.450012,479.019989,246100286,490.6675035
2018-07-18,479.029999,483.790009,462.869995,468.64999400000005,171685266,473.58499925000007
2018-07-19,468.64999400000005,469.019989,440.429993,448.839996,198020417,456.734993
2018-07-20,448.839996,468.25,441.859985,461.040009,125556641,454.9974975
2018-07-21,461.040009,471.98999,455.01001,457.64999400000005,102716195,461.42250075
2018-07-22,457.64999400000005,469.700012,446.609985,449.630005,175179390,455.897499
2018-07-23,449.630005,484.179993,448.320007,479.470001,201066485,465.4000015
2018-07-24,479.339996,484.440002,463.89001500000006,471.279999,141169236,474.737503
2018-07-25,471.329987,483.859985,459.959991,462.029999,129546000,469.29499050000004
2018-07-26,462.029999,473.690002,456.100006,469.690002,135907462,465.37750224999985
2018-07-27,469.690002,471.23999,461.23999,468.549988,75735805,467.6799925
2018-07-28,468.549988,471.55999800000006,461.540009,466.200012,77201406,466.96250175
2018-07-29,466.200012,468.929993,446.470001,456.55999800000006,146124509,459.540001
2018-07-30,456.55999800000006,457.459991,427.450012,431.98999,162795413,443.36499775
2018-07-31,431.970001,435.630005,407.920013,419.869995,180870688,423.8475035
2018-08-01,419.869995,424.4800110000001,407.799988,410.829987,117623000,415.74499525
2018-08-02,410.829987,419.660004,397.769989,417.619995,158721612,411.46999375
2018-08-03,417.619995,418.98999,401.529999,406.910004,109713090,411.26249700000005
2018-08-04,406.910004,413.25,400.140015,408.809998,98136831,407.27750425
2018-08-05,408.779999,413.029999,401.26001,404.950012,86611122,407.005005
2018-08-06,404.950012,410.290009,368.690002,377.940002,175081047,390.46750625
2018-08-07,377.940002,380.359985,347.700012,355.570007,268260157,365.3925015
2018-08-08,355.570007,370.329987,350.970001,363.51001,145534008,360.09500125
2018-08-09,363.51001,365.880005,326.480011,331.570007,162997012,346.86000825
2018-08-10,331.559998,332.410004,306.609985,309.01001,103103847,319.89749925
2018-08-11,309.01001,309.01001,309.01001,309.01001,0,309.01001
2018-08-12,318.209991,322.299988,281.059998,284.0299990000001,221289324,301.399994
2018-08-13,284.0299990000001,284.0299990000001,250.449997,278.309998,331398930,274.20499825
2018-08-14,278.309998,304.720001,276.859985,281.23999,278662361,285.2824935
2018-08-15,281.23999,298.839996,278.019989,286.799988,153825432,286.22499075
2018-08-16,286.799988,318.309998,285.339996,317.570007,221725330,302.00499725
2018-08-17,317.570007,321.170013,283.019989,294.850006,161954925,304.15250375
2018-08-18,294.850006,306.709991,289.089996,299.619995,119973440,297.567497
2018-08-19,299.619995,303.940002,269.160004,270.809998,139388297,285.88249975
2018-08-20,270.76001,285.7799990000001,269.76001,281.130005,110215424,276.857506
2018-08-21,281.130005,299.0,259.609985,270.369995,212669541,277.52749625
2018-08-22,270.359985,280.459991,268.399994,275.829987,112349301,273.76248925
2018-08-23,275.829987,283.200012,270.109985,281.369995,89910398,277.62749475000004
2018-08-24,281.369995,282.920013,276.75,277.559998,47248367,279.65000150000003
2018-08-25,277.559998,277.559998,269.570007,274.299988,76389344,274.74749775
2018-08-26,274.299988,288.160004,271.880005,288.019989,110434070,280.5899965
2018-08-27,288.019989,297.820007,282.809998,295.549988,112083492,291.0499955
2018-08-28,295.549988,296.980011,284.369995,288.670013,96897746,291.39250175
2018-08-29,288.670013,290.880005,272.399994,284.149994,128910859,284.02500150000003
2018-08-31,284.149994,284.549988,276.579987,282.829987,70417480,282.027489
