id,first_name,last_name,age,joined_at
1,Freddie,Moore,29,2021-01-05 00:09:24
2,Alfie,Martinez,0,2021-01-07 09:55:56
3,Sophia,Rodriguez,24,2021-01-05 15:49:37
4,Harry,Hernandez,54,2021-01-05 12:21:19
5,Alfie,Harris,,2021-01-03 09:46:26
6,Harry,Lee,62,2021-01-03 03:01:21
7,Isla,Walker,,2021-01-04 21:03:42
8,Jack,Hall,0,2021-01-07 13:20:12
9,Emily,Garcia,,2021-01-01 02:42:10
10,Grace,Williams,41,2021-01-09 04:33:40
11,Sophia,Martinez,43,2021-01-07 16:39:15
12,Olivia,Miller,30,2021-01-05 14:50:55
13,Freddie,Hall,25,2021-01-05 02:54:05
14,Poppy,Johnson,38,2021-01-01 01:55:03
15,Leo,Young,28,2021-01-08 12:41:01
16,Leo,Young,51,2021-01-10 14:22:10
17,Ella,Johnson,0,2021-01-08 22:45:17
18,Jack,Lewis,41,2021-01-08 03:23:50
19,Emily,Gonzalez,49,2021-01-06 04:58:26
20,Poppy,Taylor,20,2021-01-09 08:03:38
21,Emily,Martin,0,2021-01-09 18:56:37
22,Charlie,Gonzalez,20,2021-01-10 09:48:47
23,Jacob,Allen,52,2021-01-01 17:31:37
24,Alfie,Allen,0,2021-01-08 19:36:50
25,Freddie,Thomas,58,2021-01-10 16:56:13
26,Freddie,Jones,53,2021-01-08 23:03:14
27,Sophia,Miller,55,2021-01-07 17:31:41
28,Jack,Young,64,2021-01-09 21:03:17
29,George,White,24,2021-01-06 18:35:01
30,Isla,Jackson,23,2021-01-08 21:57:56
31,Ella,Hall,58,2021-01-10 01:41:25
32,Harry,Taylor,65,2021-01-07 19:47:56
33,Ella,Perez,36,2021-01-05 01:22:39
34,Poppy,Rodriguez,64,2021-01-07 00:58:13
35,George,Harris,,2021-01-01 06:34:55
36,Poppy,Anderson,38,2021-01-08 14:37:19
37,Alfie,Williams,65,2021-01-06 13:36:29
38,Jacob,Clark,56,2021-01-06 19:31:28
39,Ella,Walker,42,2021-01-07 17:08:35
40,Poppy,Walker,49,2021-01-07 11:25:14
41,Oliver,Taylor,61,2021-01-06 20:46:21
42,Isla,Williams,45,2021-01-07 10:05:44
43,Grace,Miller,,2021-01-01 15:45:53
44,Leo,Martinez,25,2021-01-01 08:54:49
45,Grace,Jones,0,2021-01-06 20:53:12
46,Oliver,White,30,2021-01-09 10:10:22
47,George,Johnson,46,2021-01-04 08:57:03
48,Sophia,Garcia,65,2021-01-05 17:18:39
49,Freddie,Hernandez,45,2021-01-06 14:36:50
50,Sophia,Thomas,52,2021-01-08 22:33:30
51,Noah,Martinez,37,2021-01-08 11:34:46
52,Mia,Wilson,42,2021-01-06 21:02:50
53,George,Thomas,47,2021-01-09 21:50:30
54,George,Moore,43,2021-01-02 15:02:42
55,Charlie,Young,63,2021-01-07 15:08:58
56,Ella,Martinez,,2021-01-02 08:30:45
57,Poppy,Young,0,2021-01-05 00:15:46
58,Mia,Lewis,63,2021-01-10 01:17:50
59,Ava,Wilson,29,2021-01-05 09:18:56
60,Poppy,Hernandez,49,2021-01-04 18:16:19
61,Mia,Robinson,0,2021-01-08 02:06:04
62,Freddie,Young,32,2021-01-08 01:23:17
63,Harry,Gonzalez,29,2021-01-01 05:29:22
64,Poppy,Brown,47,2021-01-10 00:20:30
65,Jacob,Moore,49,2021-01-07 19:55:34
66,Mia,Clark,24,2021-01-03 02:33:55
67,Sophia,Hall,0,2021-01-10 16:15:18
68,Amelia,Taylor,56,2021-01-10 19:00:31
69,Ella,Walker,31,2021-01-10 08:21:47
70,Freddie,White,34,2021-01-07 23:01:41
71,Grace,Moore,48,2021-01-02 07:26:35
72,Sophia,White,28,2021-01-07 06:58:40
73,Alfie,Hall,0,2021-01-08 22:10:20
74,Leo,Lewis,,2021-01-03 11:14:35
75,Grace,Smith,0,2021-01-10 10:13:05
76,Olivia,Anderson,25,2021-01-10 16:37:04
77,Grace,Smith,0,2021-01-08 23:29:40
78,Grace,Perez,63,2021-01-09 09:23:47
79,Harry,Hall,59,2021-01-01 23:48:22
80,Amelia,Williams,40,2021-01-04 12:35:49
81,Emily,Lee,57,2021-01-01 04:55:47
82,Harry,Davis,61,2021-01-08 19:36:22
83,Amelia,Lopez,46,2021-01-07 23:59:34
84,Ava,White,62,2021-01-01 04:38:11
85,Poppy,Harris,32,2021-01-03 15:38:57
86,Ella,White,57,2021-01-10 12:28:58
87,Isla,Thomas,0,2021-01-05 07:16:15
88,Alfie,Garcia,38,2021-01-01 08:37:56
89,Leo,Lopez,28,2021-01-10 06:54:26
90,Mia,Rodriguez,,2021-01-03 21:44:40
91,Jack,Clark,39,2021-01-10 13:24:20
92,Amelia,Hernandez,43,2021-01-02 22:44:57
93,Isla,Gonzalez,0,2021-01-07 20:48:16
94,Ava,Anderson,20,2021-01-03 18:34:21
95,Sophia,Smith,55,2021-01-04 23:04:09
96,Harry,Garcia,0,2021-01-05 17:10:16
97,Freddie,Jackson,25,2021-01-07 05:10:33
98,Harry,Walker,34,2021-01-05 19:04:50
99,Mia,Smith,,2021-01-01 21:10:20
100,Freddie,Jackson,0,2021-01-05 17:30:47
101,Grace,Smith,37,2021-01-01 18:39:37
102,Ava,Walker,54,2021-01-10 07:28:47
103,Poppy,Young,,2021-01-04 07:25:56
104,Poppy,Jones,,2021-01-02 19:20:43
105,Charlie,Rodriguez,52,2021-01-10 17:15:44
106,Freddie,Hall,22,2021-01-03 18:51:55
107,Jacob,Moore,0,2021-01-06 23:06:39
108,Grace,Martinez,59,2021-01-03 19:24:14
109,George,Hall,,2021-01-01 04:26:35
110,Leo,Williams,61,2021-01-06 19:12:56
111,Noah,Smith,39,2021-01-01 16:50:08
112,Charlie,Hernandez,30,2021-01-09 22:01:10
113,Oliver,Taylor,42,2021-01-02 09:40:18
114,Jacob,Brown,0,2021-01-08 04:34:57
115,Olivia,Young,,2021-01-01 08:36:41
116,Ella,Jackson,28,2021-01-05 18:09:52
117,Amelia,Smith,,2021-01-01 20:43:32
118,Olivia,Williams,47,2021-01-07 18:22:26
119,Harry,White,60,2021-01-06 13:29:52
120,Olivia,Lee,0,2021-01-10 05:52:17
121,Amelia,Garcia,54,2021-01-04 14:49:40
122,Leo,Clark,,2021-01-03 04:02:00
123,Sophia,Brown,51,2021-01-05 04:46:00
124,Freddie,Rodriguez,27,2021-01-01 07:06:00
125,Isla,Smith,0,2021-01-10 09:02:57
126,Olivia,Moore,21,2021-01-10 19:30:30
127,Jacob,Gonzalez,28,2021-01-06 06:59:52
128,Mia,Robinson,54,2021-01-06 05:47:21
129,Charlie,Perez,0,2021-01-08 05:40:02
130,Emily,Hall,,2021-01-01 20:13:36
131,Isla,Williams,31,2021-01-02 19:17:07
132,Grace,Lopez,59,2021-01-05 09:22:43
133,Harry,Johnson,0,2021-01-06 04:55:27
134,Jack,Walker,44,2021-01-09 02:11:51
135,Jack,Jackson,,2021-01-04 20:38:55
136,Sophia,Hall,42,2021-01-02 00:57:41
137,Jack,Walker,60,2021-01-03 21:36:23
138,Ava,Miller,26,2021-01-10 18:12:34
139,Grace,Allen,63,2021-01-10 00:41:22
140,Alfie,Martin,21,2021-01-10 13:23:00
141,Jack,Harris,37,2021-01-03 16:51:26
142,Ava,Martin,0,2021-01-08 10:49:54
143,Harry,Clark,0,2021-01-07 01:23:21
144,Jack,Gonzalez,45,2021-01-04 11:53:54
145,Charlie,Allen,28,2021-01-01 02:53:40
146,Jack,Martin,62,2021-01-05 07:32:23
147,Emily,Thomas,37,2021-01-06 14:35:52
148,Jack,Young,61,2021-01-07 12:02:46
149,Olivia,Miller,61,2021-01-05 20:04:01
150,Harry,Davis,64,2021-01-09 09:05:12
151,Mia,Smith,0,2021-01-07 14:40:42
152,George,Martin,29,2021-01-02 10:30:15
153,Alfie,Robinson,60,2021-01-10 01:52:48
154,Noah,Perez,20,2021-01-03 07:33:57
155,Amelia,Williams,39,2021-01-01 04:46:03
156,Ella,Hernandez,0,2021-01-09 03:58:48
157,Ella,Rodriguez,28,2021-01-06 12:49:45
158,Oliver,Miller,35,2021-01-03 22:14:12
159,Sophia,Gonzalez,60,2021-01-02 08:26:00
160,Harry,Young,,2021-01-01 04:37:36
161,Harry,Thomas,37,2021-01-08 16:07:56
162,Amelia,Gonzalez,37,2021-01-03 10:47:00
163,Harry,Hall,0,2021-01-08 16:58:47
164,Ava,Jackson,28,2021-01-04 19:03:58
165,Oliver,Williams,65,2021-01-09 22:49:42
166,Ava,Moore,39,2021-01-10 06:52:40
167,Isla,Rodriguez,26,2021-01-07 05:09:22
168,Alfie,Walker,,2021-01-04 14:16:44
169,Sophia,Thomas,21,2021-01-02 00:23:10
170,Isla,Lewis,44,2021-01-09 20:02:19
171,Olivia,White,51,2021-01-06 10:43:48
172,Harry,Brown,,2021-01-02 12:25:52
173,Isla,Martin,,2021-01-02 20:15:24
174,Olivia,Young,59,2021-01-08 18:06:24
175,Jacob,Young,27,2021-01-07 19:46:06
176,Grace,Taylor,,2021-01-03 11:35:45
177,Harry,Gonzalez,0,2021-01-07 21:10:31
178,Poppy,Smith,57,2021-01-07 13:16:06
179,Mia,Clark,21,2021-01-01 10:03:27
180,Leo,Rodriguez,64,2021-01-02 09:37:27
181,Oliver,Jones,35,2021-01-03 12:50:29
182,Emily,Jackson,45,2021-01-05 13:56:15
183,Oliver,Anderson,60,2021-01-08 13:00:55
184,Olivia,Clark,0,2021-01-10 22:28:40
185,Charlie,Harris,0,2021-01-07 15:48:22
186,Noah,Johnson,64,2021-01-03 22:41:01
187,Freddie,Clark,18,2021-01-06 22:19:34
188,Ella,Harris,62,2021-01-08 04:29:04
189,Sophia,Smith,34,2021-01-02 01:01:38
190,Charlie,Rodriguez,19,2021-01-04 04:14:41
191,Oliver,Perez,0,2021-01-07 07:49:27
192,Charlie,Johnson,19,2021-01-03 20:02:08
193,Freddie,Lewis,,2021-01-04 16:12:04
194,Leo,Walker,65,2021-01-10 22:03:06
195,Mia,Allen,0,2021-01-08 21:59:59
196,Oliver,Taylor,54,2021-01-06 12:23:26
197,Amelia,Allen,35,2021-01-10 13:49:10
198,Ella,Young,41,2021-01-10 11:42:15
199,Harry,Young,0,2021-01-09 00:12:54
200,Harry,Thompson,44,2021-01-04 01:12:04
201,George,Brown,61,2021-01-06 02:12:28
202,Ella,Hall,0,2021-01-07 13:52:56
203,Poppy,Jackson,,2021-01-02 00:48:51
204,Oliver,Martinez,18,2021-01-03 12:57:57
205,Poppy,Thompson,0,2021-01-09 11:38:40
206,Olivia,Thompson,,2021-01-03 13:01:11
207,Emily,Hernandez,20,2021-01-08 19:36:45
208,Isla,Thompson,0,2021-01-05 16:13:51
209,Freddie,Williams,41,2021-01-07 20:45:48
210,Harry,Harris,63,2021-01-07 10:35:45
211,George,Hall,45,2021-01-06 23:15:18
212,Mia,Robinson,31,2021-01-08 11:06:28
213,Noah,Young,65,2021-01-04 17:58:33
214,Freddie,White,0,2021-01-07 09:24:42
215,Amelia,Moore,39,2021-01-11 00:22:16
216,Grace,Martin,0,2021-01-11 00:49:12
217,Mia,Harris,61,2021-01-10 09:54:16
218,Poppy,Davis,61,2021-01-09 22:39:47
219,Charlie,Hernandez,65,2021-01-01 10:30:17
220,George,Harris,50,2021-01-05 19:18:28
221,Ella,Walker,0,2021-01-08 03:09:18
222,Grace,Gonzalez,21,2021-01-02 06:42:11
223,Poppy,Hernandez,0,2021-01-08 02:05:14
224,Oliver,Moore,53,2021-01-10 04:50:43
225,Poppy,Williams,,2021-01-01 07:57:58
226,George,Williams,62,2021-01-10 18:23:13
227,Freddie,Harris,23,2021-01-07 01:33:06
228,Leo,Perez,0,2021-01-08 15:02:29
229,Alfie,Martin,0,2021-01-08 00:48:44
230,Jacob,Lee,30,2021-01-03 05:03:11
231,Isla,Clark,40,2021-01-10 15:10:23
232,Mia,Thompson,35,2021-01-03 06:58:16
233,Alfie,Clark,,2021-01-02 03:51:09
234,Freddie,Hall,65,2021-01-03 00:45:08
235,Freddie,Anderson,33,2021-01-10 22:38:21
236,Ava,Thomas,27,2021-01-06 22:39:10
237,Emily,Taylor,38,2021-01-05 12:05:55
238,Charlie,Clark,61,2021-01-04 11:50:11
239,Oliver,Davis,0,2021-01-10 05:51:39
240,George,Harris,53,2021-01-02 11:15:00
241,Emily,Young,37,2021-01-10 13:32:18
242,Harry,Hall,64,2021-01-10 01:24:54
243,Freddie,Martin,36,2021-01-03 07:17:34
244,Oliver,Walker,0,2021-01-08 20:27:53
245,Sophia,Smith,48,2021-01-01 16:14:57
246,Ava,Harris,25,2021-01-09 10:38:35
247,Poppy,Jones,0,2021-01-05 09:26:01
248,Mia,Williams,0,2021-01-10 17:04:00
249,Jack,Walker,25,2021-01-08 10:21:06
250,Mia,Moore,22,2021-01-02 04:58:09
251,Charlie,Perez,28,2021-01-04 06:30:02
252,Oliver,Martinez,30,2021-01-01 13:34:56
253,Poppy,Lee,54,2021-01-09 19:04:35
254,George,Garcia,,2021-01-01 02:06:18
255,Jack,Lewis,59,2021-01-02 05:27:11
256,George,Moore,50,2021-01-09 19:35:48
257,Poppy,Anderson,42,2021-01-06 16:59:33
258,Oliver,Jones,,2021-01-04 21:29:07
259,Mia,Jackson,23,2021-01-02 10:12:21
260,Isla,Hernandez,44,2021-01-05 05:13:09
261,George,White,39,2021-01-09 23:49:34
262,Isla,Robinson,20,2021-01-01 16:36:23
263,Noah,Lopez,42,2021-01-03 03:19:41
264,Isla,Perez,57,2021-01-05 05:14:23
265,Isla,Miller,22,2021-01-07 16:07:58
266,Alfie,Perez,40,2021-01-07 04:44:26
267,Alfie,Young,27,2021-01-10 01:46:35
268,Olivia,Miller,,2021-01-03 20:42:05
269,Sophia,Williams,54,2021-01-02 20:22:06
270,Amelia,Martinez,,2021-01-03 21:13:12
271,Grace,Garcia,32,2021-01-06 02:31:12
272,Poppy,Brown,0,2021-01-07 22:22:03
273,Oliver,Taylor,,2021-01-04 09:05:19
274,Jacob,Gonzalez,52,2021-01-01 04:38:32
275,Isla,Davis,36,2021-01-03 04:59:44
276,Sophia,Johnson,0,2021-01-05 18:45:04
277,Ava,Moore,0,2021-01-08 20:42:19
278,Leo,Thomas,50,2021-01-08 00:24:56
279,Isla,Hall,,2021-01-03 06:02:15
280,Harry,Garcia,18,2021-01-10 13:54:45
281,Mia,Moore,,2021-01-01 03:34:15
282,Jacob,Harris,37,2021-01-01 14:02:16
283,Alfie,Anderson,45,2021-01-09 05:37:03
284,Mia,Rodriguez,53,2021-01-07 10:46:00
285,Olivia,White,39,2021-01-10 17:15:32
286,Sophia,Gonzalez,51,2021-01-02 06:19:58
287,George,Harris,53,2021-01-04 04:00:35
288,Olivia,Allen,53,2021-01-04 19:35:34
289,Sophia,Smith,,2021-01-04 17:09:12
290,Freddie,Rodriguez,47,2021-01-03 04:05:47
291,Noah,Brown,0,2021-01-05 21:48:52
292,Sophia,Brown,44,2021-01-07 05:07:02
293,Jack,Thompson,37,2021-01-05 15:27:52
294,Leo,Allen,21,2021-01-02 17:53:05
295,Leo,White,55,2021-01-01 12:41:55
296,Harry,Young,28,2021-01-03 01:36:28
297,Alfie,Miller,61,2021-01-07 13:43:24
298,Sophia,Gonzalez,62,2021-01-01 19:14:36
299,Amelia,Brown,0,2021-01-05 23:19:32
300,Oliver,Thomas,39,2021-01-07 18:02:00
301,Jacob,White,23,2021-01-07 18:54:31
302,Jacob,Hernandez,,2021-01-01 03:23:43
303,Ella,Walker,43,2021-01-07 11:23:11
304,Charlie,Gonzalez,,2021-01-02 13:51:10
305,Isla,Perez,52,2021-01-02 14:22:16
306,Ava,Gonzalez,,2021-01-04 13:52:50
307,Alfie,Robinson,50,2021-01-07 16:43:00
308,Amelia,White,24,2021-01-01 16:40:31
309,Olivia,Brown,57,2021-01-08 18:13:15
310,George,Gonzalez,34,2021-01-09 15:21:37
311,Charlie,Lopez,49,2021-01-08 11:02:46
312,Grace,Lee,0,2021-01-07 03:27:34
313,Charlie,Lopez,26,2021-01-05 00:47:04
314,Leo,Lee,22,2021-01-06 00:11:26
315,Alfie,Perez,,2021-01-04 01:15:56
316,Sophia,Thomas,59,2021-01-09 19:22:03
317,Grace,Allen,0,2021-01-08 01:49:30
318,Poppy,Allen,41,2021-01-02 20:55:48
319,Leo,Clark,23,2021-01-03 09:55:04
320,Poppy,Hernandez,0,2021-01-09 02:14:43
321,Grace,Wilson,,2021-01-03 01:53:09
322,Amelia,Jackson,57,2021-01-09 20:28:59
323,George,Davis,50,2021-01-08 22:03:32
324,Harry,Hernandez,0,2021-01-09 07:48:31
325,Freddie,Taylor,50,2021-01-08 04:52:31
326,Olivia,Taylor,0,2021-01-08 14:04:18
327,Ava,Rodriguez,0,2021-01-06 18:34:07
328,Jack,Davis,29,2021-01-03 21:58:02
329,Jack,Johnson,59,2021-01-05 14:02:20
330,Sophia,Clark,57,2021-01-04 16:08:10
331,Poppy,Taylor,0,2021-01-10 09:03:19
332,Olivia,Hernandez,55,2021-01-04 09:47:16
333,Alfie,Garcia,20,2021-01-09 14:50:40
334,Leo,Martinez,56,2021-01-04 11:48:49
335,Ava,Johnson,46,2021-01-04 14:18:55
336,Amelia,Perez,54,2021-01-09 17:48:26
337,Poppy,Jones,29,2021-01-01 11:19:54
338,Mia,Wilson,43,2021-01-06 21:30:46
339,Ava,Harris,49,2021-01-08 20:25:21
340,Oliver,Hall,0,2021-01-07 23:53:39
341,Mia,Young,0,2021-01-05 12:15:22
342,Harry,Walker,21,2021-01-02 16:00:14
343,George,Allen,0,2021-01-10 14:10:12
344,Sophia,Thompson,46,2021-01-02 12:04:48
345,Jack,Lopez,,2021-01-01 10:28:20
346,Leo,Jackson,52,2021-01-06 14:28:17
347,Freddie,Miller,26,2021-01-03 17:39:23
348,Poppy,Walker,31,2021-01-08 10:03:02
349,Oliver,Lopez,30,2021-01-08 00:31:51
350,Emily,Smith,63,2021-01-03 09:47:08
351,Sophia,Clark,60,2021-01-03 23:09:53
352,Sophia,Anderson,58,2021-01-09 08:38:32
353,Jack,Johnson,65,2021-01-07 06:59:37
354,Oliver,Davis,0,2021-01-08 11:46:05
355,Jack,Anderson,25,2021-01-06 22:03:44
356,Grace,White,49,2021-01-04 13:59:08
357,Alfie,Thompson,,2021-01-03 02:00:27
358,Charlie,Thompson,34,2021-01-04 10:41:22
359,Ella,Lee,,2021-01-01 15:46:26
360,Noah,Clark,,2021-01-03 15:17:47
361,Emily,Johnson,28,2021-01-08 10:27:22
362,Poppy,Anderson,0,2021-01-05 20:46:28
363,Oliver,Rodriguez,45,2021-01-07 07:03:27
364,Alfie,Harris,30,2021-01-10 04:56:56
365,Olivia,Hall,59,2021-01-02 06:56:22
366,Ava,Hernandez,0,2021-01-06 19:40:10
367,Sophia,Smith,,2021-01-02 08:45:59
368,Noah,Garcia,64,2021-01-03 02:48:02
369,Poppy,Johnson,28,2021-01-03 16:34:19
370,George,Martin,45,2021-01-08 19:51:57
371,Grace,Walker,57,2021-01-02 04:05:33
372,Oliver,Hall,38,2021-01-06 08:17:24
373,Freddie,Martinez,57,2021-01-04 11:41:51
374,Freddie,Clark,52,2021-01-07 05:02:46
375,Alfie,Allen,28,2021-01-08 21:39:35
376,Amelia,Lopez,55,2021-01-10 19:37:14
377,Oliver,White,0,2021-01-08 16:35:36
378,Amelia,Lee,32,2021-01-05 04:45:19
379,Noah,Walker,30,2021-01-04 10:20:41
380,Ava,Jones,65,2021-01-10 08:34:47
381,Isla,Miller,60,2021-01-08 19:50:08
382,Sophia,Clark,0,2021-01-07 17:08:19
383,Noah,Jones,41,2021-01-09 04:08:49
384,Jacob,Jones,26,2021-01-04 20:11:51
385,Harry,Wilson,23,2021-01-07 22:00:52
386,Leo,Young,27,2021-01-05 09:10:58
387,Jack,Johnson,62,2021-01-06 19:50:37
388,Jack,Jackson,43,2021-01-03 09:01:30
389,Ava,Lopez,40,2021-01-10 13:45:56
390,Amelia,Young,0,2021-01-10 17:03:59
391,Jack,Davis,0,2021-01-07 23:24:21
392,Mia,Jackson,30,2021-01-05 02:47:38
393,George,Hall,28,2021-01-01 11:12:26
394,Mia,Walker,0,2021-01-08 05:14:53
395,Jack,Thomas,0,2021-01-07 06:44:11
396,Harry,Lopez,63,2021-01-01 14:07:03
397,George,Brown,48,2021-01-09 16:31:34
398,George,Johnson,28,2021-01-01 12:12:36
399,Amelia,Williams,0,2021-01-06 12:19:23
400,Freddie,Martin,27,2021-01-08 18:23:33
401,Charlie,Moore,50,2021-01-03 22:48:51
402,Sophia,Davis,41,2021-01-01 13:04:12
403,Grace,Brown,50,2021-01-07 10:32:52
404,George,Garcia,,2021-01-02 22:42:06
405,Charlie,Lopez,28,2021-01-03 13:32:17
406,Poppy,Perez,0,2021-01-07 13:44:04
407,Charlie,Jackson,35,2021-01-03 22:32:56
408,Jacob,Garcia,62,2021-01-10 07:48:22
409,Sophia,Thomas,30,2021-01-07 22:23:16
410,George,Taylor,33,2021-01-01 21:12:44
411,Jack,Young,46,2021-01-01 23:16:43
412,Leo,Brown,0,2021-01-06 06:04:48
413,Freddie,Lopez,0,2021-01-08 01:00:01
414,Olivia,Hernandez,42,2021-01-01 08:59:22
415,Grace,Wilson,30,2021-01-06 15:55:11
416,Mia,Harris,,2021-01-02 12:29:45
417,Emily,Lee,50,2021-01-06 11:28:42
418,Alfie,Clark,,2021-01-04 23:23:38
419,George,Moore,40,2021-01-08 08:06:12
420,Jack,Martin,39,2021-01-03 09:47:09
421,Olivia,Thomas,0,2021-01-06 00:09:08
422,Charlie,Wilson,,2021-01-02 00:58:34
423,Jacob,Garcia,0,2021-01-08 17:34:15
424,Ella,Moore,18,2021-01-05 21:23:24
425,Jack,Smith,55,2021-01-09 13:10:55
426,Ava,Anderson,0,2021-01-10 19:02:48
427,Sophia,Gonzalez,0,2021-01-06 00:12:22
428,Charlie,Johnson,35,2021-01-03 00:00:06
429,Freddie,Brown,45,2021-01-05 23:17:17
430,Grace,Martin,20,2021-01-01 22:15:02
431,Alfie,Martinez,46,2021-01-10 18:57:45
432,Oliver,Lee,48,2021-01-09 04:35:50
433,Emily,Martinez,,2021-01-02 21:44:38
434,Jacob,Miller,41,2021-01-07 01:29:32
435,Sophia,Thomas,0,2021-01-06 06:27:44
436,Ella,Lewis,53,2021-01-07 14:08:57
437,Jack,Brown,0,2021-01-06 06:42:17
438,Poppy,Wilson,21,2021-01-05 23:18:12
439,Emily,Perez,38,2021-01-04 04:44:00
440,Harry,Lewis,39,2021-01-02 10:03:46
441,Ella,Johnson,27,2021-01-06 21:14:58
442,Ella,Robinson,0,2021-01-08 10:02:19
443,Leo,Anderson,,2021-01-01 10:01:03
444,Olivia,Young,22,2021-01-09 16:25:05
445,Mia,Davis,21,2021-01-08 04:53:19
446,Amelia,Wilson,23,2021-01-09 09:01:49
447,Mia,Smith,41,2021-01-02 12:09:32
448,Mia,Lopez,33,2021-01-07 02:13:29
449,Amelia,Jackson,40,2021-01-05 20:08:00
450,Leo,Allen,23,2021-01-02 15:25:27
451,Alfie,Anderson,50,2021-01-10 01:43:52
452,Olivia,Gonzalez,0,2021-01-08 06:00:47
453,Leo,Gonzalez,51,2021-01-09 07:53:01
454,Leo,Walker,45,2021-01-10 07:51:15
455,Grace,Moore,24,2021-01-07 22:12:33
456,Amelia,Rodriguez,28,2021-01-02 00:41:03
457,Noah,Lopez,46,2021-01-02 01:19:57
458,Jacob,Jones,65,2021-01-03 07:52:40
459,Charlie,Clark,0,2021-01-05 08:00:13
460,Jacob,Taylor,64,2021-01-04 00:08:09
461,Oliver,Martinez,41,2021-01-06 21:28:59
462,Ella,Wilson,0,2021-01-08 19:37:51
463,Leo,Perez,57,2021-01-05 14:18:23
464,Olivia,Walker,60,2021-01-09 18:51:33
465,Oliver,Garcia,23,2021-01-05 00:53:35
466,Ella,Jackson,20,2021-01-10 07:58:37
467,Freddie,Gonzalez,0,2021-01-09 00:26:37
468,Jacob,Moore,,2021-01-03 14:28:37
469,Freddie,Young,32,2021-01-09 19:01:33
470,Isla,Walker,35,2021-01-10 21:11:18
471,Emily,Taylor,61,2021-01-04 20:44:29
472,Grace,Rodriguez,34,2021-01-06 17:45:48
473,Emily,Williams,0,2021-01-10 19:49:48
474,Ella,Williams,0,2021-01-07 17:25:14
475,Freddie,Perez,0,2021-01-06 05:15:00
476,Ava,Lewis,45,2021-01-10 04:38:07
477,Grace,Lewis,0,2021-01-11 00:26:57
478,Emily,Jones,27,2021-01-06 21:25:22
479,Isla,Jones,55,2021-01-09 18:23:36
480,Freddie,Jones,0,2021-01-06 07:32:52
481,Jacob,Jones,0,2021-01-08 10:26:32
482,Charlie,Williams,53,2021-01-06 07:14:21
483,Grace,Johnson,49,2021-01-07 03:02:57
484,Jacob,Jones,29,2021-01-02 08:27:34
485,George,White,23,2021-01-04 06:24:23
486,Freddie,Brown,40,2021-01-02 03:12:35
487,Ella,Brown,40,2021-01-09 08:18:54
488,Harry,Gonzalez,30,2021-01-08 18:17:56
489,Grace,Taylor,22,2021-01-03 12:08:43
490,Mia,Smith,28,2021-01-04 02:37:06
491,Emily,Smith,52,2021-01-01 12:42:11
492,Leo,Lopez,0,2021-01-07 16:50:52
493,George,Martinez,0,2021-01-06 15:42:53
494,George,Rodriguez,42,2021-01-02 07:45:15
495,Ava,Garcia,38,2021-01-08 12:24:54
496,Grace,Clark,0,2021-01-07 10:05:33
497,Ella,Hall,27,2021-01-01 05:11:00
498,Ella,Hall,0,2021-01-05 03:34:12
499,Freddie,Harris,47,2021-01-07 06:25:18
